t,x,y,z,yaw_deg,quality,lidar_hz,pose_hz,localmap_n,raw_n,tf_ok,pose_age_s,icp_fail_n,wheel_x,wheel_y,wheel_yaw_deg
2.110,-0.001096,0.003918,-0.000322,-0.037,,12.999,0.000,,86400,1,0.001,0,0.000000,0.000000,0.000
2.515,-0.001021,0.004213,-0.000729,-0.024,0.9840,13.714,7.426,1244,86400,1,0.136,0,0.000000,0.000000,0.000
2.935,-0.001134,0.004084,-0.001133,-0.051,0.9919,13.990,5.210,1244,86400,1,0.057,0,0.000000,0.000000,0.000
3.335,-0.001978,0.002921,-0.000300,-0.019,0.9805,14.494,6.736,1244,86304,1,0.038,0,0.000000,0.000000,0.000
3.736,-0.001334,0.002959,-0.000921,-0.046,0.9791,15.846,7.453,1244,86400,1,0.150,0,0.000000,0.000000,0.000
4.137,-0.001703,0.002457,0.000105,-0.027,0.9935,16.727,7.228,1244,86400,1,0.031,0,0.000000,0.000000,0.000
4.537,-0.001509,0.002975,0.000147,-0.050,0.9889,17.336,7.451,1244,86400,1,0.246,0,0.000000,0.000000,0.000
4.938,-0.001037,0.004434,0.000006,-0.077,0.9918,17.801,6.684,1244,86400,1,0.150,0,0.000000,0.000000,0.000
5.356,-0.001863,0.004524,0.000545,-0.059,0.9839,16.773,5.326,1244,86304,1,0.072,0,0.000000,0.000000,0.000
5.759,-0.002001,0.003799,-0.000516,-0.024,0.9935,15.709,4.757,1244,86400,1,0.071,0,0.000000,0.000000,0.000
6.161,-0.001711,0.003355,0.000198,-0.042,0.9935,14.724,4.439,1244,86400,1,0.068,0,0.000000,0.000000,0.000
6.569,-0.002302,0.002297,-0.001251,-0.023,0.9870,14.540,5.591,1244,86400,1,0.271,0,0.000000,0.000000,0.000
6.977,-0.001131,0.003203,0.000178,-0.006,0.9869,15.319,5.757,1244,86400,1,0.079,0,0.000000,0.000000,0.000
7.388,-0.001256,0.003845,-0.000261,-0.031,0.9856,15.286,7.302,1244,82560,1,0.299,0,0.000000,0.000000,0.000
7.788,-0.001037,0.004237,-0.001343,-0.071,0.9804,16.188,6.148,1244,86400,1,0.176,0,0.000000,0.000000,0.000
8.189,-0.001699,0.003976,-0.000853,-0.053,0.9887,16.250,5.213,1244,86400,1,0.077,0,0.000000,0.000000,0.000
8.592,-0.002759,0.004696,0.000443,-0.065,0.9839,16.283,4.736,1244,86400,1,0.007,0,0.000000,0.000000,0.000
8.995,-0.001875,0.004453,-0.000158,-0.076,0.9855,16.367,4.017,1244,86400,1,0.008,0,0.000000,0.000000,0.000
9.396,-0.001368,0.004314,-0.000092,-0.046,0.9836,15.736,5.065,1244,82656,1,0.008,0,0.000000,0.000000,0.000
9.815,-0.000865,0.004483,0.000024,-0.053,0.9870,14.841,5.313,1244,86400,1,0.032,0,0.000000,0.000000,0.000
10.217,-0.000308,0.003841,-0.001097,-0.036,0.9840,15.837,5.887,1244,86400,1,0.116,0,0.000000,0.000000,0.000
10.618,-0.001311,0.004508,-0.000020,-0.053,0.9683,14.765,5.893,1244,86400,1,0.035,0,0.000000,0.000000,0.000
11.035,-0.000873,0.005334,-0.000552,-0.048,0.9887,14.658,6.357,1244,86400,1,0.050,0,0.000000,0.000000,0.000
11.436,-0.001212,0.004861,-0.000545,-0.049,0.9643,15.311,5.453,1244,82656,1,0.121,0,0.000000,0.000000,0.000
11.837,-0.001234,0.004940,-0.000732,-0.062,0.9806,15.739,5.312,1244,86400,1,0.142,0,0.000000,0.000000,0.000
12.244,-0.001234,0.004940,-0.000732,-0.062,0.9806,15.214,5.014,1244,86400,1,0.549,0,0.000000,0.000000,0.000
12.655,-0.000813,0.004575,-0.000531,-0.060,0.9886,15.724,3.848,1244,86400,1,0.158,0,0.000000,0.000000,0.000
13.056,-0.000921,0.003537,0.000082,-0.037,0.9888,15.748,3.154,1244,86400,1,0.156,0,0.000000,0.000000,0.000
13.464,-0.001190,0.002700,-0.000392,-0.031,0.9919,15.260,4.150,1244,86400,1,0.082,0,0.000000,0.000000,0.000
13.881,-0.001213,0.003380,-0.000415,-0.049,0.9903,15.675,6.484,1244,86400,1,0.097,0,0.000000,0.000000,0.000
14.292,-0.001292,0.003309,0.000103,-0.042,0.9871,16.249,6.135,1244,86304,1,0.103,0,0.000000,0.000000,0.000
14.695,-0.001727,0.003581,-0.000815,-0.053,0.9725,16.188,6.099,1244,86400,1,0.271,0,0.000000,0.000000,0.000
15.101,-0.001737,0.004074,-0.000100,-0.043,0.9855,16.249,5.618,1244,86400,1,0.120,0,0.000000,0.000000,0.000
15.514,-0.001225,0.005695,0.000693,-0.084,0.9902,16.308,4.758,1244,86400,1,0.028,0,0.000000,0.000000,0.000
15.915,-0.001643,0.006329,-0.000096,-0.072,0.9902,16.746,4.385,1244,86400,1,0.129,0,0.000000,0.000000,0.000
16.315,-0.001796,0.005366,0.000478,-0.054,0.9935,16.896,4.826,1244,86304,1,0.233,0,0.000000,0.000000,0.000
16.715,-0.001753,0.005574,0.000006,-0.049,0.9886,17.275,4.994,1244,86400,1,0.127,0,0.000000,0.000000,0.000
17.116,-0.001677,0.004682,-0.000232,-0.038,0.9759,16.278,4.390,1244,86400,1,0.005,0,0.000000,0.000000,0.000
17.517,-0.002617,0.004530,-0.000325,-0.058,0.9919,16.874,4.408,1244,86400,1,0.020,0,0.000000,0.000000,0.000
17.934,-0.002332,0.004462,-0.000132,-0.069,0.9919,15.774,4.089,1244,86400,1,0.238,0,0.000000,0.000000,0.000
18.335,-0.001054,0.005072,0.000780,-0.057,0.9707,15.646,3.843,1244,86304,1,0.026,0,0.000000,0.000000,0.000
18.735,-0.002401,0.004653,-0.000559,-0.064,0.9870,15.833,5.071,1244,86400,1,0.244,0,0.000000,0.000000,0.000
19.139,-0.002258,0.003524,0.001629,-0.037,0.9968,16.272,5.514,1244,86400,1,0.040,0,0.000000,0.000000,0.000
19.580,-0.001934,0.003434,-0.000285,-0.068,0.9840,14.582,5.578,1244,86400,1,0.270,0,0.000000,0.000000,0.000
19.980,-0.001934,0.003434,-0.000285,-0.068,0.9840,14.615,6.119,1244,86400,1,0.670,0,0.000000,0.000000,0.000
20.391,-0.000754,0.004398,0.000807,-0.069,0.9855,14.244,4.483,1244,82656,1,0.209,0,0.000000,0.000000,0.000
20.796,-0.001793,0.002873,-0.000283,-0.051,0.9918,12.607,4.420,1244,86400,1,0.305,0,0.000000,0.000000,0.000
21.196,-0.001167,0.002518,-0.000164,-0.021,0.9935,14.016,3.375,1244,86400,1,0.109,0,0.000000,0.000000,0.000
21.598,-0.000495,0.002331,-0.000201,-0.016,0.9710,15.239,4.270,1244,86400,1,0.103,0,0.000000,0.000000,0.000
22.016,-0.000366,0.002272,0.000132,-0.033,0.9919,15.799,3.699,1244,86400,1,0.034,0,0.000000,0.000000,0.000
22.416,-0.000860,0.002235,0.000222,-0.044,0.9902,15.819,2.780,1244,82656,1,0.127,0,0.000000,0.000000,0.000
22.817,-0.002038,0.003663,0.000393,-0.044,0.9934,16.210,3.747,1244,86400,1,0.214,0,0.000000,0.000000,0.000
23.235,-0.001489,0.003682,0.000193,-0.029,0.9869,15.738,2.951,1244,86400,1,0.046,0,0.000000,0.000000,0.000
23.636,-0.001526,0.004187,0.000204,-0.052,0.9856,15.174,3.978,1244,86400,1,0.146,0,0.000000,0.000000,0.000
24.036,0.000260,0.004659,0.000693,-0.047,0.9885,14.644,4.236,1244,86400,1,0.331,0,0.000000,0.000000,0.000
24.443,-0.000431,0.005064,-0.000381,-0.058,0.9870,13.919,3.173,1244,82656,1,0.028,0,0.000000,0.000000,0.000
24.855,-0.001274,0.004615,-0.000663,-0.060,0.9887,14.680,4.649,1244,86400,1,0.161,0,0.000000,0.000000,0.000
25.261,-0.001250,0.004532,-0.001081,-0.050,0.9935,14.070,4.231,1244,86304,1,0.079,0,0.000000,0.000000,0.000
25.663,-0.002137,0.005455,-0.000465,-0.066,0.9854,14.226,4.773,1244,86400,1,0.072,0,0.000000,0.000000,0.000
26.067,-0.001151,0.005441,0.000522,-0.071,0.9841,14.346,7.001,1244,86400,1,0.080,0,0.000000,0.000000,0.000
26.475,-0.000674,0.005123,0.000336,-0.064,0.9743,14.836,6.632,1244,82656,1,0.179,0,0.000000,0.000000,0.000
26.892,-0.001477,0.004520,-0.001118,-0.072,0.9887,13.630,5.823,1244,86400,1,0.108,0,0.000000,0.000000,0.000
27.295,-0.001687,0.005680,0.000183,-0.055,0.9887,13.072,6.736,1244,86304,1,0.115,0,0.000000,0.000000,0.000
27.696,-0.001655,0.004481,-0.000951,-0.022,0.9917,13.837,7.273,1244,86400,1,0.256,0,0.000000,0.000000,0.000
28.096,-0.001240,0.004989,-0.000399,-0.040,0.9777,14.216,6.636,1244,86400,1,0.106,0,0.000000,0.000000,0.000
28.539,-0.001706,0.005032,0.000318,-0.063,0.9936,14.747,7.395,1244,86400,1,0.230,0,0.000000,0.000000,0.000
28.941,-0.001027,0.004990,-0.001358,-0.069,0.9886,14.354,5.958,1244,86400,1,0.120,0,0.000000,0.000000,0.000
29.342,-0.001156,0.004578,0.000353,-0.063,0.9886,14.194,5.184,1244,86304,1,0.166,0,0.000000,0.000000,0.000
29.762,-0.001393,0.004559,-0.000145,-0.052,0.9902,13.534,5.829,1244,86400,1,0.070,0,0.000000,0.000000,0.000
30.163,-0.001139,0.005170,0.000596,-0.052,0.9901,14.011,4.702,1244,86400,1,0.064,0,0.000000,0.000000,0.000
30.564,-0.001449,0.005314,-0.000397,-0.068,0.9935,15.246,5.367,1244,86400,1,0.380,0,0.000000,0.000000,0.000
30.972,-0.001791,0.004228,0.000116,-0.056,0.9904,17.371,4.485,1244,86400,1,0.183,0,0.000000,0.000000,0.000
31.387,-0.002102,0.003775,-0.000176,-0.051,0.9919,16.937,4.745,1244,86304,1,0.196,0,0.000000,0.000000,0.000
31.790,-0.002296,0.003690,-0.000026,-0.042,0.9919,16.773,4.052,1244,86400,1,0.210,0,0.000000,0.000000,0.000
32.198,-0.001901,0.003682,-0.000179,-0.031,0.9935,16.280,4.227,1244,86400,1,0.407,0,0.000000,0.000000,0.000
32.598,-0.000495,0.002982,0.000100,-0.041,0.9775,14.651,4.050,1244,86400,1,0.014,0,0.000000,0.000000,0.000
33.000,-0.000404,0.003182,-0.000489,-0.033,0.9872,13.736,4.712,1244,86400,1,0.111,0,0.000000,0.000000,0.000
33.406,-0.000404,0.003182,-0.000489,-0.033,0.9872,14.381,5.348,1244,82560,1,0.517,0,0.000000,0.000000,0.000
33.810,-0.001817,0.003031,-0.000986,-0.037,0.9886,13.473,5.661,1244,86400,1,0.189,0,0.000000,0.000000,0.000
34.215,-0.000260,0.002122,-0.000618,0.008,0.9595,13.769,4.408,1244,86400,1,0.111,0,0.000000,0.000000,0.000
34.628,-0.000642,0.002957,-0.000795,-0.048,0.9808,14.172,4.723,1244,86400,1,0.034,0,0.000000,0.000000,0.000
35.035,-0.000850,0.003361,0.000253,-0.034,0.9919,13.901,5.794,1244,86400,1,0.245,0,0.000000,0.000000,0.000
35.435,-0.001398,0.003377,-0.000734,-0.055,0.9886,12.245,4.311,1244,82656,1,0.050,0,0.000000,0.000000,0.000
35.836,-0.000982,0.003324,-0.000184,-0.044,0.9887,12.012,5.373,1244,86400,1,0.242,0,0.000000,0.000000,0.000
36.241,-0.001577,0.003901,0.000061,-0.029,0.9870,12.201,5.581,1244,86400,1,0.044,0,0.000000,0.000000,0.000
36.652,-0.001061,0.004075,0.000168,-0.055,0.9738,12.792,5.256,1244,86400,1,0.065,0,0.000000,0.000000,0.000
37.065,-0.000639,0.003259,-0.000431,-0.047,0.9903,12.373,6.894,1244,86400,1,0.085,0,0.000000,0.000000,0.000
37.465,-0.000123,0.002626,-0.000362,-0.033,0.9855,18.565,6.451,1244,86400,1,0.273,0,0.000000,0.000000,0.000
37.866,-0.000641,0.004386,0.000252,-0.049,0.9807,19.385,6.287,1244,86400,1,0.068,0,0.000000,0.000000,0.000
38.271,-0.001058,0.003083,-0.000319,-0.034,0.9756,16.260,6.802,1244,86304,1,0.066,0,0.000000,0.000000,0.000
38.675,-0.000440,0.004187,0.000570,-0.080,0.9842,19.903,6.099,1244,86400,1,0.083,0,0.000000,0.000000,0.000
39.076,-0.000440,0.004187,0.000570,-0.080,0.9842,18.976,5.713,1244,86400,1,0.484,0,0.000000,0.000000,0.000
39.488,-0.001237,0.004535,0.000302,-0.065,0.9918,15.806,5.068,1244,86400,1,0.108,0,0.000000,0.000000,0.000
39.888,-0.001516,0.004903,0.000643,-0.057,0.9855,13.490,5.259,1244,86400,1,0.002,0,0.000000,0.000000,0.000
40.290,-0.001516,0.004903,0.000643,-0.057,0.9855,16.013,5.410,1244,86400,1,0.404,0,0.000000,0.000000,0.000
40.696,-0.001215,0.004108,-0.000108,-0.024,0.9886,17.685,6.273,1244,86400,1,0.306,0,0.000000,0.000000,0.000
41.096,-0.002521,0.003498,0.000115,-0.045,0.9854,17.237,6.066,1244,86400,1,0.004,0,0.000000,0.000000,0.000
41.497,-0.001607,0.004296,-0.000682,-0.058,0.9903,19.990,6.316,1244,86400,1,0.017,0,0.000000,0.000000,0.000
41.898,-0.001769,0.004074,-0.000954,-0.052,0.9791,21.092,7.206,1244,86400,1,0.197,0,0.000000,0.000000,0.000
42.314,-0.001228,0.004805,0.000304,-0.063,0.9805,16.531,6.065,1244,86304,1,0.111,0,0.000000,0.000000,0.000
42.715,-0.002577,0.004467,0.000054,-0.067,0.9743,14.740,7.353,1244,86400,1,0.020,0,0.000000,0.000000,0.000
43.117,-0.001647,0.003746,0.000139,-0.043,0.9984,14.791,7.307,1244,86400,1,0.029,0,0.000000,0.000000,0.000
43.536,-0.001751,0.004187,-0.000928,-0.033,0.9854,14.475,6.662,1244,82656,1,0.139,0,0.000000,0.000000,0.000
43.936,-0.001467,0.003642,-0.000094,-0.064,0.9886,13.392,6.473,1244,86400,1,0.254,0,0.000000,0.000000,0.000
44.346,-0.002197,0.004145,0.000003,-0.063,0.9936,15.781,5.751,1244,86304,1,0.059,0,0.000000,0.000000,0.000
44.767,-0.002404,0.003102,-0.001490,-0.027,0.9776,15.785,5.280,1244,86400,1,0.285,0,0.000000,0.000000,0.000
45.169,-0.002336,0.003033,-0.000318,-0.051,0.9838,17.163,5.209,1244,86400,1,0.072,0,0.000000,0.000000,0.000
45.574,-0.002152,0.002428,-0.000729,-0.021,0.9967,21.702,6.058,1244,86400,1,0.076,0,0.000000,0.000000,0.000
45.975,-0.002086,0.003151,0.000524,-0.053,0.9967,21.141,6.847,1244,86400,1,0.095,0,0.000000,0.000000,0.000
46.377,-0.002813,0.005221,-0.000728,-0.062,0.9885,13.133,7.543,1244,82656,1,0.387,0,0.000000,0.000000,0.000
46.778,-0.002640,0.004535,0.000229,-0.060,0.9919,19.349,7.020,1244,86400,1,0.289,0,0.000000,0.000000,0.000
47.196,-0.001573,0.003792,0.000531,-0.040,0.9791,15.240,5.257,1244,86400,1,0.196,0,0.000000,0.000000,0.000
47.598,-0.001650,0.003656,0.000250,-0.042,0.9841,15.994,4.298,1244,86400,1,0.281,0,0.000000,0.000000,0.000
48.008,-0.002006,0.003841,-0.000528,-0.058,0.9872,19.302,3.277,1244,86400,1,0.405,0,0.000000,0.000000,0.000
48.415,-0.001554,0.003905,0.000374,-0.050,0.9935,22.053,3.701,1244,86400,1,0.035,0,0.000000,0.000000,0.000
48.818,-0.001253,0.003810,0.000436,-0.033,0.9840,16.457,4.702,1244,86400,1,0.329,0,0.000000,0.000000,0.000
49.226,-0.001953,0.004165,0.000170,-0.059,0.9935,14.939,4.799,1244,86400,1,0.241,0,0.000000,0.000000,0.000
49.637,-0.002065,0.003374,0.000586,-0.036,0.9918,14.793,6.075,1244,86400,1,0.146,0,0.000000,0.000000,0.000
50.044,-0.001396,0.003454,0.000380,-0.022,0.9869,17.301,5.611,1244,86400,1,0.356,0,0.000000,0.000000,0.000
50.483,-0.003005,0.003845,-0.000196,-0.041,0.9967,16.992,4.221,1244,86400,1,0.098,0,0.000000,0.000000,0.000
50.889,-0.002926,0.004007,-0.000563,-0.043,0.9836,12.127,5.200,1244,86400,1,0.053,0,0.000000,0.000000,0.000
51.297,-0.002985,0.003518,-0.000615,-0.053,0.9903,17.270,5.248,1244,86304,1,0.192,0,0.000000,0.000000,0.000
51.697,-0.001461,0.003777,0.000316,-0.051,0.9855,16.127,6.426,1244,86400,1,0.007,0,0.000000,0.000000,0.000
52.098,-0.001960,0.003736,0.000075,-0.032,0.9809,14.360,6.689,1244,86400,1,0.014,0,0.000000,0.000000,0.000
52.498,-0.001706,0.002207,0.000873,-0.029,0.9712,21.608,6.759,1244,86400,1,0.011,0,0.000000,0.000000,0.000
52.898,-0.001488,0.003119,0.000570,-0.025,0.9902,23.833,6.532,1244,86400,1,0.023,0,0.000000,0.000000,0.000
53.298,-0.002239,0.003469,-0.000118,-0.037,0.9870,17.352,6.875,1244,86304,1,0.016,0,0.000000,0.000000,0.000
53.714,-0.001677,0.004381,-0.001163,-0.065,0.9854,17.450,7.366,1244,86400,1,0.038,0,0.000000,0.000000,0.000
54.116,-0.002130,0.004160,-0.000053,-0.046,0.9888,18.382,7.403,1244,86400,1,0.032,0,0.000000,0.000000,0.000
54.516,-0.002592,0.004033,-0.000936,-0.038,0.9920,17.731,8.270,1244,86400,1,0.033,0,0.000000,0.000000,0.000
54.917,-0.002751,0.004724,0.000140,-0.069,0.9901,16.116,7.374,1244,86400,1,0.032,0,0.000000,0.000000,0.000
55.318,-0.001640,0.004284,-0.000785,-0.048,0.9837,14.317,7.175,1244,86400,1,0.128,0,0.000000,0.000000,0.000
55.720,-0.002254,0.004085,-0.001113,-0.044,0.9822,16.297,6.671,1244,86400,1,0.034,0,0.000000,0.000000,0.000
56.123,-0.000193,0.004217,0.000330,-0.065,0.9837,14.008,7.190,1244,86400,1,0.035,0,0.000000,0.000000,0.000
56.534,-0.002318,0.004880,-0.000511,-0.061,0.9839,13.538,6.705,1244,86400,1,0.154,0,0.000000,0.000000,0.000
56.936,-0.002216,0.004773,-0.000478,-0.053,0.9792,12.657,6.373,1244,86400,1,0.047,0,0.000000,0.000000,0.000
57.344,-0.002268,0.005263,0.000270,-0.061,0.9777,15.171,6.255,1244,86304,1,0.040,0,0.000000,0.000000,0.000
57.757,-0.002398,0.006107,0.001567,-0.049,0.9810,15.039,5.709,1244,86400,1,0.048,0,0.000000,0.000000,0.000
58.158,-0.002739,0.004867,-0.000058,-0.053,0.9902,14.315,4.690,1244,86400,1,0.155,0,0.000000,0.000000,0.000
58.560,-0.003243,0.004440,-0.000396,-0.061,0.9935,16.538,3.747,1244,86400,1,0.079,0,0.000000,0.000000,0.000
58.975,-0.000459,0.003453,0.000439,-0.036,0.9856,16.094,3.657,1244,86400,1,0.083,0,0.000000,0.000000,0.000
59.380,-0.001087,0.004125,-0.000165,-0.047,0.9984,18.203,4.118,1244,86400,1,0.090,0,0.000000,0.000000,0.000
59.786,-0.000969,0.003074,-0.000681,-0.037,0.9870,17.640,4.780,1244,86400,1,0.109,0,0.000000,0.000000,0.000
60.201,-0.001501,0.003561,0.000258,-0.038,0.9950,12.531,6.594,1244,86304,1,0.204,0,0.000000,0.000000,0.000
60.615,-0.002118,0.003180,-0.001049,-0.049,0.9936,17.343,6.220,1244,86400,1,0.115,0,0.000000,0.000000,0.000
61.015,-0.001806,0.005056,-0.000521,-0.047,0.9856,17.338,6.325,1244,86400,1,0.020,0,0.000000,0.000000,0.000
61.416,-0.002825,0.005150,0.000757,-0.054,0.9920,17.993,6.829,1244,82656,1,0.197,0,0.000000,0.000000,0.000
61.834,-0.002619,0.004853,-0.000805,-0.040,0.9801,18.226,5.850,1244,86400,1,0.219,0,0.000000,0.000000,0.000
62.237,-0.001995,0.005853,0.000967,-0.059,0.9871,18.654,5.655,1244,86400,1,0.145,0,0.000000,0.000000,0.000
62.637,-0.001235,0.004302,0.000059,-0.047,0.9762,14.180,5.701,1244,86400,1,0.001,0,0.000000,0.000000,0.000
63.041,-0.000437,0.004137,-0.000242,-0.049,0.9871,15.770,5.320,1244,86400,1,0.055,0,0.000000,0.000000,0.000
63.445,-0.001216,0.004499,-0.000107,-0.068,0.9872,17.661,5.390,1244,82656,1,0.159,0,0.000000,0.000000,0.000
63.857,-0.000959,0.004106,-0.000170,-0.043,0.9839,18.363,6.161,1244,86400,1,0.074,0,0.000000,0.000000,0.000
64.275,-0.000501,0.003746,-0.001490,-0.075,0.9902,14.707,6.868,1244,86400,1,0.088,0,0.000000,0.000000,0.000
64.676,-0.001250,0.005668,-0.000844,-0.063,0.9824,19.367,6.655,1244,86400,1,0.087,0,0.000000,0.000000,0.000
65.078,-0.001847,0.006260,0.000028,-0.072,0.9871,21.453,6.294,1244,86400,1,0.088,0,0.000000,0.000000,0.000
65.493,-0.002286,0.005817,-0.000600,-0.077,0.9758,15.847,7.197,1244,86400,1,0.102,0,0.000000,0.000000,0.000
65.895,-0.002286,0.005817,-0.000600,-0.077,0.9758,14.985,6.518,1244,86400,1,0.504,0,0.000000,0.000000,0.000
66.296,-0.001363,0.005548,-0.001496,-0.064,0.9871,18.307,4.408,1244,86304,1,0.082,0,0.000000,0.000000,0.000
66.701,-0.001632,0.005211,0.000437,-0.077,0.9788,11.048,3.865,1244,86400,1,0.106,0,0.000000,0.000000,0.000
67.115,-0.000945,0.005145,-0.000921,-0.067,0.9714,15.012,4.544,1244,86400,1,0.018,0,0.000000,0.000000,0.000
67.543,-0.000945,0.005145,-0.000921,-0.067,0.9714,18.448,5.706,1244,86400,1,0.446,0,0.000000,0.000000,0.000
67.955,-0.001297,0.004790,-0.000471,-0.032,0.9838,14.334,4.862,1244,86400,1,0.058,0,0.000000,0.000000,0.000
68.357,-0.001297,0.004790,-0.000471,-0.032,0.9838,16.917,5.378,1244,86400,1,0.460,0,0.000000,0.000000,0.000
68.757,-0.001503,0.004109,0.000196,-0.042,0.9804,15.297,4.750,1244,86400,1,0.262,0,0.000000,0.000000,0.000
69.157,-0.001690,0.005209,-0.000645,-0.060,0.9802,14.585,4.728,1244,86400,1,0.172,0,0.000000,0.000000,0.000
69.575,-0.000980,0.005964,-0.000236,-0.044,0.9903,20.401,4.199,1244,82656,1,0.192,0,0.000000,0.000000,0.000
69.977,-0.001535,0.004960,-0.001109,-0.046,0.9887,19.663,4.040,1244,86400,1,0.094,0,0.000000,0.000000,0.000
70.377,-0.001595,0.005390,-0.000515,-0.067,0.9902,19.022,3.678,1244,86304,1,0.077,0,0.000000,0.000000,0.000
70.795,-0.001347,0.004578,-0.000678,-0.054,0.9870,18.444,4.494,1244,86400,1,0.095,0,0.000000,0.000000,0.000
71.196,-0.000366,0.005263,-0.000280,-0.063,0.9902,16.826,5.849,1244,86400,1,0.103,0,0.000000,0.000000,0.000
71.598,-0.000225,0.005002,-0.001671,-0.054,0.9837,17.186,6.929,1244,86400,1,0.370,0,0.000000,0.000000,0.000
71.999,-0.000225,0.005002,-0.001671,-0.054,0.9837,19.369,8.620,1244,86400,1,0.770,0,0.000000,0.000000,0.000
72.418,-0.001432,0.005262,-0.001317,-0.067,0.9789,18.679,5.007,1244,86400,1,0.036,0,0.000000,0.000000,0.000
72.835,-0.001566,0.004746,-0.000884,-0.043,0.9806,16.316,5.261,1244,86400,1,0.054,0,0.000000,0.000000,0.000
73.235,-0.001090,0.004267,-0.000925,-0.057,0.9696,17.157,7.853,1244,86400,1,0.117,0,0.000000,0.000000,0.000
73.637,-0.001868,0.005101,-0.000255,-0.053,0.9920,17.569,8.049,1244,86400,1,0.047,0,0.000000,0.000000,0.000
74.040,-0.002415,0.005410,0.000222,-0.069,0.9918,15.287,7.851,1244,86400,1,0.157,0,0.000000,0.000000,0.000
74.455,-0.002145,0.004500,-0.000737,-0.047,0.9903,18.892,7.327,1244,82656,1,0.336,0,0.000000,0.000000,0.000
74.855,-0.001874,0.003962,-0.000248,-0.056,0.9902,18.907,5.772,1244,86400,1,0.056,0,0.000000,0.000000,0.000
75.256,-0.001614,0.005339,-0.001096,-0.053,0.9854,13.362,5.817,1244,86400,1,0.236,0,0.000000,0.000000,0.000
75.689,-0.001303,0.004696,-0.000934,-0.064,0.9887,17.739,5.014,1244,86400,1,0.104,0,0.000000,0.000000,0.000
76.091,0.000449,0.004724,-0.000461,-0.045,0.9886,15.367,5.070,1244,86400,1,0.000,0,0.000000,0.000000,0.000
76.496,-0.000982,0.003930,-0.001018,-0.028,0.9919,12.585,6.066,1244,86400,1,0.012,0,0.000000,0.000000,0.000
76.896,-0.000552,0.003594,-0.000302,-0.035,0.9919,19.429,5.604,1244,86400,1,0.092,0,0.000000,0.000000,0.000
77.300,-0.000602,0.004209,-0.000485,-0.045,0.9903,22.172,6.246,1244,86400,1,0.000,0,0.000000,0.000000,0.000
77.715,-0.000369,0.004923,0.000389,-0.044,0.9823,16.322,6.698,1244,86400,1,0.031,0,0.000000,0.000000,0.000
78.116,-0.000204,0.006117,-0.000992,-0.076,0.9871,16.847,6.113,1244,86400,1,0.131,0,0.000000,0.000000,0.000
78.537,-0.001495,0.005535,0.000335,-0.075,0.9821,21.089,6.733,1244,86400,1,0.247,0,0.000000,0.000000,0.000
78.939,-0.001375,0.004349,-0.000644,-0.027,0.9918,11.113,6.490,1244,86400,1,0.057,0,0.000000,0.000000,0.000
79.339,-0.000738,0.004828,0.000566,-0.039,0.9869,13.933,6.146,1244,86304,1,0.005,0,0.000000,0.000000,0.000
79.763,-0.000738,0.004828,0.000566,-0.039,0.9869,17.606,5.827,1244,86400,1,0.428,0,0.000000,0.000000,0.000
80.171,-0.000738,0.004828,0.000566,-0.039,0.9869,13.561,6.265,1244,86400,1,0.836,0,0.000000,0.000000,0.000
80.576,-0.000251,0.005249,-0.000687,-0.061,0.9823,16.585,4.263,1244,86400,1,0.086,0,0.000000,0.000000,0.000
80.988,-0.000711,0.005228,-0.000447,-0.053,0.9776,17.041,4.198,1244,86400,1,0.109,0,0.000000,0.000000,0.000
81.395,-0.000138,0.004064,-0.000454,-0.051,0.9872,15.119,7.937,1244,86304,1,0.208,0,0.000000,0.000000,0.000
81.797,-0.000849,0.003434,-0.000225,-0.029,0.9921,16.453,7.217,1244,86400,1,0.106,0,0.000000,0.000000,0.000
82.216,-0.000312,0.002768,0.000921,-0.027,0.9851,13.220,6.729,1244,86400,1,0.128,0,0.000000,0.000000,0.000
82.627,-0.000908,0.003430,-0.000876,-0.024,0.9918,15.282,5.578,1244,86400,1,0.226,0,0.000000,0.000000,0.000
83.035,-0.001645,0.004108,-0.000844,-0.052,0.9902,13.736,4.414,1244,86400,1,0.134,0,0.000000,0.000000,0.000
83.435,-0.001052,0.003894,0.000455,-0.018,0.9823,14.609,3.700,1244,82656,1,0.054,0,0.000000,0.000000,0.000
83.836,-0.001188,0.004507,-0.000077,-0.048,0.9869,16.958,3.519,1244,86400,1,0.249,0,0.000000,0.000000,0.000
84.236,-0.001208,0.005394,-0.000809,-0.071,0.9757,17.886,3.133,1244,86400,1,0.240,0,0.000000,0.000000,0.000
84.636,-0.001417,0.004995,-0.000295,-0.055,0.9903,14.937,3.564,1244,86400,1,0.052,0,0.000000,0.000000,0.000
85.036,-0.002135,0.004814,-0.000286,-0.069,0.9935,18.696,4.992,1244,86400,1,0.053,0,0.000000,0.000000,0.000
85.437,-0.001472,0.004681,0.000079,-0.058,0.9807,12.628,4.737,1244,82656,1,0.057,0,0.000000,0.000000,0.000
85.848,-0.001110,0.004294,-0.001415,-0.037,0.9887,11.681,4.784,1244,86400,1,0.179,0,0.000000,0.000000,0.000
86.258,-0.001894,0.004053,-0.000362,-0.056,0.9885,16.342,5.299,1244,86400,1,0.067,0,0.000000,0.000000,0.000
86.666,-0.000887,0.003751,-0.000882,-0.043,0.9759,15.868,5.281,1244,86400,1,0.081,0,0.000000,0.000000,0.000
87.075,-0.001385,0.003459,-0.000811,-0.018,0.9709,18.571,6.152,1244,86400,1,0.163,0,0.000000,0.000000,0.000
87.477,-0.001621,0.002326,-0.000046,-0.017,0.9683,20.481,6.393,1244,82560,1,0.088,0,0.000000,0.000000,0.000
87.895,-0.000736,0.003389,0.000759,-0.044,0.9742,16.839,7.778,1244,86400,1,0.216,0,0.000000,0.000000,0.000
88.297,-0.001409,0.006085,-0.000060,-0.076,0.9808,18.814,6.933,1244,86304,1,0.007,0,0.000000,0.000000,0.000
88.715,-0.001537,0.003795,-0.001045,-0.051,0.9838,19.454,5.778,1244,86400,1,0.027,0,0.000000,0.000000,0.000
89.121,-0.001053,0.003932,-0.000166,-0.053,0.9887,16.392,5.575,1244,86400,1,0.324,0,0.000000,0.000000,0.000
89.535,-0.002239,0.005731,-0.001187,-0.054,0.9838,18.106,4.981,1244,86304,1,0.049,0,0.000000,0.000000,0.000
89.936,-0.002236,0.005508,0.000015,-0.063,0.9887,16.313,6.131,1244,86400,1,0.141,0,0.000000,0.000000,0.000
90.338,-0.002236,0.005508,0.000015,-0.063,0.9887,16.210,6.589,1244,86400,1,0.544,0,0.000000,0.000000,0.000
90.741,-0.002481,0.005765,-0.000546,-0.061,0.9872,15.272,4.758,1244,86400,1,0.052,0,0.000000,0.000000,0.000
91.142,-0.002396,0.005349,-0.000478,-0.071,0.9808,12.085,5.895,1244,86400,1,0.146,0,0.000000,0.000000,0.000
91.565,-0.001741,0.005201,-0.000482,-0.055,0.9888,16.278,4.252,1244,86400,1,0.089,0,0.000000,0.000000,0.000
91.966,-0.001500,0.004584,-0.000351,-0.055,0.9788,15.862,5.367,1244,86400,1,0.081,0,0.000000,0.000000,0.000
92.374,-0.000795,0.004076,0.001180,-0.036,0.9886,18.815,5.214,1244,82656,1,0.062,0,0.000000,0.000000,0.000
92.779,-0.001381,0.005786,-0.000650,-0.082,0.9886,17.906,5.547,1244,86400,1,0.090,0,0.000000,0.000000,0.000
93.194,-0.000931,0.003889,-0.000738,-0.039,0.9165,17.339,6.755,1244,86400,1,0.089,0,0.000000,0.000000,0.000
93.595,-0.000760,0.004260,-0.000692,-0.031,0.9823,18.809,5.559,1244,86400,1,0.106,0,0.000000,0.000000,0.000
93.996,-0.000889,0.004776,-0.000645,-0.037,0.9871,17.372,4.807,1244,86400,1,0.019,0,0.000000,0.000000,0.000
94.396,-0.000927,0.003977,-0.000103,-0.053,0.9776,14.696,4.670,1244,86400,1,0.311,0,0.000000,0.000000,0.000
94.800,-0.001216,0.004459,0.000595,-0.042,0.9836,17.319,2.770,1244,86400,1,0.014,0,0.000000,0.000000,0.000
95.205,-0.001212,0.004465,-0.000885,-0.043,0.9887,21.482,3.285,1244,86400,1,0.194,0,0.000000,0.000000,0.000
95.615,-0.001591,0.004951,-0.000411,-0.067,0.9855,19.954,4.979,1244,86400,1,0.032,0,0.000000,0.000000,0.000
96.034,-0.001591,0.004951,-0.000411,-0.067,0.9855,15.332,4.673,1244,86400,1,0.451,0,0.000000,0.000000,0.000
96.444,-0.001382,0.003807,-0.001573,-0.048,0.9738,15.404,4.888,1244,86400,1,0.021,0,0.000000,0.000000,0.000
96.862,-0.000088,0.003248,0.001042,-0.043,0.9714,13.737,5.773,1244,86400,1,0.074,0,0.000000,0.000000,0.000
97.275,-0.000271,0.003520,0.000293,-0.028,0.9887,22.553,5.791,1244,86400,1,0.164,0,0.000000,0.000000,0.000
97.676,-0.002123,0.004204,-0.000761,-0.065,0.9918,17.659,7.282,1244,86400,1,0.092,0,0.000000,0.000000,0.000
98.076,-0.001419,0.005153,0.000728,-0.053,0.9869,15.682,6.569,1244,86400,1,0.191,0,0.000000,0.000000,0.000
98.498,-0.001947,0.004904,-0.000337,-0.049,0.9852,18.402,5.664,1244,86400,1,0.115,0,0.000000,0.000000,0.000
98.915,-0.000531,0.006578,-0.001255,-0.060,0.9919,22.092,5.221,1244,86400,1,0.020,0,0.000000,0.000000,0.000
99.316,-0.001227,0.006575,-0.001082,-0.069,0.9919,15.857,5.431,1244,86304,1,0.073,0,0.000000,0.000000,0.000
99.718,-0.002080,0.007433,0.000174,-0.066,0.9872,19.390,5.566,1244,86400,1,0.036,0,0.000000,0.000000,0.000
100.137,-0.001123,0.006748,-0.000062,-0.046,0.9935,19.147,5.760,1244,86400,1,0.112,0,0.000000,0.000000,0.000
100.540,-0.001486,0.006144,-0.001260,-0.053,0.9385,21.794,5.152,1244,86400,1,0.114,0,0.000000,0.000000,0.000
100.962,-0.001486,0.006144,-0.001260,-0.053,0.9385,21.550,4.949,1244,86400,1,0.536,0,0.000000,0.000000,0.000
101.364,0.004269,0.005426,0.000508,-0.022,0.8365,17.040,3.507,1244,82656,1,0.051,0,0.014416,0.000068,0.351
101.780,0.035737,0.000883,-0.006621,-0.037,0.9571,16.086,4.190,1244,86400,1,0.084,0,0.059968,0.000345,0.331
102.185,0.047394,-0.000403,-0.005940,0.022,0.9614,15.897,4.363,1244,86400,1,0.376,0,0.097723,0.000534,0.270
102.590,0.103448,0.005106,0.001147,-0.137,0.7031,14.210,4.966,1244,86400,1,0.178,0,0.139921,0.000729,0.267
102.995,0.172487,0.009888,0.002777,-0.133,0.7895,11.742,5.206,1244,86400,1,0.072,0,0.179084,0.000942,0.352
103.439,0.213465,0.010343,-0.000228,-0.159,0.9899,15.130,4.392,1244,82656,1,0.114,0,0.206178,0.001126,0.383
103.847,0.246029,0.008938,-0.000116,-0.297,0.9567,16.757,5.449,1244,86400,1,0.132,0,0.263915,0.001531,0.441
104.258,0.298069,0.009769,-0.000814,-0.143,0.9788,14.673,6.133,1244,86400,1,0.052,0,0.305884,0.001871,0.476
104.674,0.344404,0.010645,0.003244,-0.194,0.9654,17.759,6.273,1764,86400,1,0.072,0,0.347888,0.002185,0.392
105.075,0.377811,0.014518,0.006008,-0.311,0.8459,17.365,7.127,1764,86400,1,0.066,0,0.373443,0.002366,0.427
105.475,0.415499,0.014625,0.003056,-0.253,0.9550,15.968,7.101,1764,82656,1,0.154,0,0.412134,0.002674,0.444
105.889,0.457600,0.013712,0.003173,-0.350,0.9761,18.226,6.685,1764,86400,1,0.193,0,0.447933,0.002978,0.493
106.289,0.496188,0.013004,0.005249,-0.322,0.9592,12.937,5.628,1764,86400,1,0.288,0,0.490907,0.003391,0.566
106.689,0.559238,0.013647,0.007635,-0.297,0.9866,16.056,4.626,1764,86400,1,0.080,0,0.531525,0.003807,0.593
107.091,0.596476,0.012140,0.004262,-0.281,0.9853,15.561,4.719,1764,82656,1,0.195,0,0.571027,0.004199,0.587
107.498,0.629642,0.012696,0.005409,-0.181,0.8629,18.282,5.004,1764,82656,1,0.268,0,0.610459,0.004582,0.519
107.915,0.691333,0.016087,0.005368,-0.293,0.7692,23.003,5.458,1982,82656,1,0.082,0,0.654024,0.004969,0.560
108.315,0.742315,0.013849,0.005741,-0.342,0.9691,12.887,5.911,1982,86304,1,0.018,0,0.693411,0.005386,0.620
108.715,0.789681,0.012745,0.002431,-0.363,0.9658,17.739,5.302,1982,86400,1,0.018,0,0.733565,0.005807,0.590
109.139,0.825177,0.015239,0.001829,-0.269,0.9788,16.416,5.641,1982,86400,1,0.136,0,0.761177,0.006107,0.650
109.546,0.868446,0.016410,0.004429,-0.405,0.9895,19.040,6.025,1982,82560,1,0.151,0,0.800858,0.006560,0.623
109.946,0.918712,0.018263,0.004653,-0.322,0.7910,18.492,5.474,2118,86400,1,0.124,0,0.840377,0.006998,0.645
110.348,0.969969,0.017630,0.005749,-0.285,0.7968,19.234,6.118,2118,86400,1,0.015,0,0.879495,0.007412,0.565
110.764,0.990723,0.018481,0.007703,-0.419,0.8400,12.578,5.834,2118,86400,1,0.236,0,0.922412,0.007871,0.592
111.170,1.056000,0.023080,0.003028,-0.519,0.9115,9.957,4.737,2118,86304,1,0.053,0,0.961638,0.008295,0.626
111.586,1.098813,0.023867,0.004406,-0.510,0.8417,17.623,4.626,2118,86400,1,0.051,0,1.002933,0.008733,0.539
112.006,1.109774,0.022874,0.004378,-0.495,0.9729,12.450,5.771,2222,86400,1,0.419,0,1.044811,0.009115,0.486
112.408,1.175069,0.020849,0.006457,-0.460,0.9700,10.275,4.744,2222,86400,1,0.195,0,1.081801,0.009431,0.513
112.814,1.240666,0.020905,0.005789,-0.618,0.9869,16.087,4.547,2222,86400,1,0.012,0,1.125415,0.009839,0.542
113.215,1.240666,0.020905,0.005789,-0.618,0.9869,17.773,4.912,2222,86400,1,0.412,0,1.165577,0.010213,0.546
113.615,1.302237,0.020973,0.004720,-0.433,0.7793,14.982,2.857,2222,86400,1,0.195,0,1.205201,0.010554,0.508
114.035,1.351736,0.020999,0.005722,-0.526,0.9787,16.985,2.349,2222,86400,1,0.118,0,1.243401,0.010868,0.466
114.436,1.388457,0.016913,0.004556,-0.359,0.8256,15.523,3.652,2222,86400,1,0.075,0,1.260582,0.010990,0.366
114.837,1.403314,0.013624,0.005615,-0.259,0.9768,17.194,4.382,2283,86400,1,0.276,0,1.284935,0.011152,0.380
115.242,1.438738,0.016205,0.006825,-0.385,0.9591,12.989,4.193,2283,86400,1,0.153,0,1.308954,0.011312,0.413
115.646,1.464015,0.013454,0.004968,-0.237,0.8685,11.325,4.674,2283,86400,1,0.017,0,1.321990,0.011406,0.398
116.047,1.483312,0.012868,0.006133,-0.209,0.8452,16.685,4.163,2283,86400,1,0.019,0,1.334306,0.011497,0.460
116.455,1.500181,0.014429,0.006542,-0.349,0.8399,13.622,3.428,2283,82656,1,0.145,0,1.362215,0.011734,0.486
116.857,1.524244,0.013974,0.004514,-0.433,0.9669,12.291,4.127,2283,86400,1,0.166,0,1.382073,0.011907,0.512
117.262,1.546684,0.013323,0.006991,-0.235,0.9327,15.706,4.443,2283,86400,1,0.160,0,1.401791,0.012078,0.495
117.686,1.576105,0.013910,0.006420,-0.194,0.8115,18.665,4.396,2283,86400,1,0.066,0,1.420893,0.012249,0.523
118.093,1.605138,0.009881,0.004841,-0.228,0.8023,12.696,5.048,2283,86400,1,0.000,0,1.442203,0.012435,0.480
118.496,1.620563,0.011260,0.005316,-0.082,0.8103,12.423,5.109,2283,86400,1,0.095,0,1.462249,0.012614,0.530
118.903,1.652497,0.010226,0.006143,-0.158,0.9776,17.136,5.345,2283,86400,1,0.012,0,1.481614,0.012783,0.509
119.344,1.678555,0.011093,0.002437,-0.127,0.9921,19.703,5.844,2283,86400,1,0.049,0,1.489490,0.012856,0.531
119.745,1.699297,0.009592,0.003720,-0.075,0.7854,11.595,6.276,2330,86400,1,0.045,0,1.523311,0.013170,0.548
120.152,1.699297,0.009592,0.003720,-0.075,0.7854,15.048,6.928,2330,86400,1,0.452,0,1.543160,0.013365,0.569
120.559,1.722194,0.006222,0.004229,0.015,0.9489,13.098,6.193,2330,86400,1,0.314,0,1.563030,0.013563,0.563
120.985,1.748568,0.003949,0.005353,0.066,0.9761,13.998,5.385,2330,86400,1,0.286,0,1.582737,0.013755,0.566
121.410,1.782692,0.002902,0.003460,0.012,0.9752,16.414,4.832,2330,82656,1,0.128,0,1.597590,0.013907,0.611
121.810,1.782692,0.002902,0.003460,0.012,0.9752,16.314,5.393,2330,86400,1,0.529,0,1.624711,0.014205,0.631
122.216,1.817144,0.002738,0.006620,0.006,0.9808,17.013,3.392,2330,86400,1,0.203,0,1.644972,0.014432,0.652
122.616,1.844030,0.005515,0.006102,0.029,0.8009,18.856,2.766,2330,86400,1,0.110,0,1.664747,0.014670,0.717
123.016,1.881668,0.006115,0.001697,0.049,0.7859,20.540,4.286,2330,86400,1,0.007,0,1.684926,0.014936,0.771
123.419,1.905572,0.005919,0.001292,0.172,0.8200,17.754,6.437,2330,82656,1,0.008,0,1.704031,0.015191,0.750
123.820,1.925330,0.000291,0.003825,0.038,0.9822,19.013,6.140,2368,86400,1,0.015,0,1.710006,0.015270,0.766
124.220,1.940309,0.001944,0.005209,-0.063,0.9828,13.706,7.068,2368,86400,1,0.016,0,1.736427,0.015628,0.796
124.629,1.940309,0.001944,0.005209,-0.063,0.9828,16.227,6.586,2368,86400,1,0.425,0,1.738408,0.015656,0.806
125.036,1.978427,0.005152,0.005890,-0.176,0.9899,19.409,4.521,2368,86400,1,0.156,0,1.776921,0.016228,0.893
125.436,2.001760,0.005016,0.005598,-0.070,0.9794,14.228,3.575,2368,82656,1,0.153,0,1.797341,0.016548,0.885
125.836,2.030809,0.008684,0.003205,-0.008,0.9721,15.674,4.135,2368,86400,1,0.037,0,1.816813,0.016849,0.887
126.242,2.043796,0.007885,0.000596,0.048,0.9256,19.860,5.892,2368,86400,1,0.237,0,1.827928,0.017022,0.874
126.655,2.075549,0.009789,0.004056,0.015,0.8375,15.549,5.003,2368,86304,1,0.039,0,1.857704,0.017479,0.896
127.057,2.100147,0.008467,0.002518,-0.043,0.9754,12.229,5.225,2368,86400,1,0.052,0,1.877195,0.017778,0.919
127.460,2.112199,0.007530,0.003169,0.021,0.7905,17.242,5.090,2368,86400,1,0.155,0,1.895405,0.018076,0.946
127.862,2.132527,0.008001,0.005688,-0.048,0.7859,20.058,4.464,2368,86400,1,0.149,0,1.914921,0.018399,0.962
128.275,2.151781,0.009423,0.006451,0.052,0.8333,21.891,3.777,2368,86304,1,0.146,0,1.929765,0.018656,1.013
128.676,2.183303,0.010504,0.006046,-0.411,0.7963,21.944,4.285,2398,82656,1,0.000,0,1.955486,0.019119,1.071
129.095,2.201636,0.010331,0.005621,-0.154,0.7560,19.284,4.696,2398,86400,1,0.087,0,1.976859,0.019532,1.136
129.498,2.214031,0.011057,0.007784,-0.301,0.9706,14.596,5.582,2398,86400,1,0.296,0,1.995871,0.019912,1.191
129.911,2.235061,0.012117,0.006499,-0.462,0.9763,11.581,5.728,2398,86400,1,0.385,0,2.017103,0.020358,1.217
130.347,2.284507,0.011328,0.006175,-0.391,0.9653,9.374,5.233,2398,86400,1,0.050,0,2.033636,0.020712,1.263
130.762,2.300461,0.011189,0.004729,-0.359,0.7986,14.259,5.847,2398,86400,1,0.165,0,2.058213,0.021246,1.242
131.166,2.326312,0.013254,0.004704,-0.315,0.9607,18.033,5.239,2398,86400,1,0.055,0,2.078058,0.021687,1.305
131.575,2.339478,0.014929,0.003105,-0.315,0.8278,13.325,7.357,2398,86400,1,0.167,0,2.098953,0.022159,1.248
131.999,2.339478,0.014929,0.003105,-0.315,0.8278,14.417,7.686,2398,86400,1,0.590,0,2.120041,0.022628,1.263
132.417,2.339478,0.014929,0.003105,-0.315,0.8278,19.544,7.825,2398,82656,1,1.008,0,2.133539,0.022924,1.246
132.835,2.339478,0.014929,0.003105,-0.315,0.8278,15.113,7.740,2398,86400,1,1.426,0,2.161121,0.023549,1.334
133.236,2.436954,0.014388,0.002583,-0.328,0.9679,14.608,2.592,2398,86400,1,0.000,0,2.179197,0.023976,1.382
133.659,2.461613,0.013588,0.006857,-0.620,0.9677,16.888,5.744,2398,86400,1,0.059,0,2.200385,0.024499,1.405
134.060,2.481883,0.014834,0.006562,-0.470,0.8268,14.091,5.002,2398,86400,1,0.158,0,2.219840,0.024974,1.432
134.476,2.508691,0.015859,0.006263,-0.357,0.9748,13.802,4.697,2398,86304,1,0.083,0,2.241445,0.025514,1.431
134.881,2.521851,0.017751,0.005722,-0.492,0.9722,15.269,5.039,2430,86400,1,0.192,0,2.261535,0.026022,1.484
135.287,2.545346,0.020730,0.006899,-0.863,0.9760,12.610,4.413,2430,82656,1,0.102,0,2.281499,0.026537,1.478
135.688,2.567579,0.020188,0.010314,-0.758,0.7523,15.591,4.482,2430,86400,1,0.000,0,2.293459,0.026847,1.499
136.096,2.574491,0.021361,0.006494,-0.677,0.7814,16.648,4.726,2430,86400,1,0.295,0,2.314241,0.027382,1.441
136.501,2.597106,0.020593,0.007687,-0.761,0.9403,15.558,4.993,2430,82656,1,0.288,0,2.332731,0.027856,1.491
136.915,2.633598,0.023558,0.010521,-0.939,0.9636,16.081,4.310,2430,86400,1,0.106,0,2.354047,0.028405,1.446
137.316,2.648339,0.023774,0.004706,-0.969,0.7569,18.446,4.635,2430,86400,1,0.196,0,2.372655,0.028877,1.453
137.717,2.683769,0.022290,0.004666,-0.436,0.9677,14.179,3.701,2430,86400,1,0.025,0,2.393275,0.029392,1.447
138.118,2.694350,0.022485,0.003271,-0.505,0.7937,15.785,3.898,2430,86400,1,0.192,0,2.413542,0.029918,1.497
138.534,2.724922,0.022225,0.003018,-0.799,0.9649,15.249,3.936,2430,82656,1,0.045,0,2.434066,0.030445,1.483
138.935,2.741374,0.022651,0.005380,-0.964,0.9697,14.406,3.567,2465,86400,1,0.132,0,2.454065,0.030966,1.478
139.341,2.754365,0.023364,0.004756,-0.956,0.9667,15.462,3.997,2465,86400,1,0.351,0,2.468834,0.031349,1.522
139.753,2.786403,0.021419,0.006479,-0.812,0.9607,16.828,3.602,2465,86400,1,0.162,0,2.493409,0.031996,1.460
140.159,2.818800,0.020207,0.008356,-0.704,0.9626,18.677,5.091,2465,86400,1,0.035,0,2.512709,0.032484,1.453
140.595,2.837804,0.022494,0.008437,-0.910,0.9793,19.416,5.609,2465,86304,1,0.187,0,2.532685,0.032987,1.411
140.999,2.873927,0.021418,0.004494,-0.688,0.7558,17.038,6.635,2465,86400,1,0.007,0,2.554794,0.033525,1.409
141.405,2.891456,0.018674,0.003250,-0.787,0.9765,15.874,6.309,2465,86400,1,0.018,0,2.574721,0.034018,1.425
141.815,2.900155,0.017150,0.003919,-0.799,0.8933,15.499,6.422,2465,86400,1,0.219,0,2.593908,0.034498,1.463
142.225,2.900155,0.017150,0.003919,-0.799,0.8933,14.122,6.243,2465,86400,1,0.629,0,2.602071,0.034708,1.476
142.636,2.949469,0.017239,0.006087,-0.367,0.9618,15.802,4.133,2465,86400,1,0.048,0,2.635594,0.035561,1.476
143.037,2.970774,0.016993,0.008419,-0.569,0.9733,20.876,4.363,2465,86400,1,0.110,0,2.645469,0.035815,1.457
143.450,2.986679,0.017072,0.004915,-0.544,0.9693,18.230,3.144,2465,82560,1,0.054,0,2.661640,0.036223,1.356
143.856,2.990538,0.016594,0.004341,-0.800,0.9544,20.418,4.004,2483,86400,1,0.058,0,2.661539,0.036220,1.335
144.262,2.995249,0.015363,0.004689,-0.610,0.9686,16.608,4.235,2483,86400,1,0.074,0,2.661539,0.036220,1.335
144.664,2.998193,0.014371,0.002246,-0.577,0.9538,17.303,4.046,2483,86400,1,0.149,0,2.661539,0.036220,1.335
145.074,2.998193,0.014371,0.002246,-0.577,0.9538,11.557,4.465,2483,86400,1,0.559,0,2.660324,0.036197,0.554
145.482,3.005028,0.019951,0.005194,-1.485,0.9783,9.745,3.705,2483,82656,1,0.102,0,2.661474,0.036192,-1.455
145.882,3.019095,0.037605,0.010310,-3.212,0.9647,22.498,4.786,2483,86400,1,0.087,0,2.662287,0.036155,-5.018
146.297,3.032033,0.068776,0.009842,-5.712,0.9742,19.964,5.332,2483,86304,1,0.094,0,2.662020,0.036188,-8.305
146.698,3.039869,0.096012,0.007882,-8.274,0.9855,15.486,7.126,2483,86400,1,0.102,0,2.662024,0.036187,-9.778
147.115,3.047790,0.118092,0.005621,-9.385,0.9706,15.613,6.694,2483,86400,1,0.130,0,2.663456,0.035893,-10.373
147.516,3.047790,0.118092,0.005621,-9.385,0.9706,18.966,6.154,2483,86400,1,0.531,0,2.663456,0.035893,-10.373
147.916,3.048043,0.124613,0.003035,-9.509,0.9674,16.753,3.369,2483,86400,1,0.033,0,2.663456,0.035893,-10.373
148.316,3.048550,0.131482,0.004391,-9.385,0.7138,13.635,3.212,2483,86400,1,0.293,0,2.663422,0.035899,-11.314
148.744,3.048550,0.131482,0.004391,-9.385,0.7138,17.016,2.695,2483,86400,1,0.720,0,2.663485,0.035886,-13.232
149.177,3.052458,0.146623,0.006098,-12.260,0.9704,15.866,2.499,2483,86400,1,0.094,0,2.665631,0.035294,-13.923
149.578,3.047165,0.168518,0.003792,-12.554,0.9601,17.961,3.697,2483,86400,1,0.072,0,2.665631,0.035294,-13.921
149.978,3.046800,0.173459,0.002658,-12.397,0.6926,17.376,3.825,2483,86400,1,0.386,0,2.665140,0.035417,-14.107
150.401,3.046800,0.173459,0.002658,-12.397,0.6926,20.124,8.314,2483,86400,1,0.809,0,2.665217,0.035397,-14.031
150.804,3.044593,0.178592,0.003322,-12.719,0.9665,14.192,3.776,2483,86400,1,0.224,0,2.665238,0.035392,-14.035
151.205,3.040900,0.188421,0.003065,-12.690,0.9780,13.051,3.735,2483,86400,1,0.125,0,2.665218,0.035397,-14.038
151.617,3.037427,0.198441,0.002900,-13.715,0.9412,12.757,5.910,2483,86400,1,0.022,0,2.665255,0.035384,-15.402
152.021,3.039010,0.213308,0.003228,-15.382,0.9534,11.769,5.551,2483,86400,1,0.000,0,2.665274,0.035379,-15.490
152.435,3.039010,0.213308,0.003228,-15.382,0.6752,16.947,5.551,2483,86304,1,0.414,0,2.665192,0.035458,-22.440
152.835,3.031772,0.210233,-0.001295,-21.662,0.9343,18.156,4.871,2483,86400,1,0.152,0,2.665899,0.035138,-25.978
153.235,3.020149,0.217908,0.000699,-24.548,0.8540,13.025,5.339,2483,86400,1,0.046,0,2.664945,0.035635,-29.473
153.636,3.021635,0.226307,0.002027,-27.459,0.7109,19.386,5.550,2504,86400,1,0.026,0,2.665839,0.035073,-33.158
154.037,3.011319,0.233318,-0.001226,-30.651,0.7166,17.848,7.814,2504,86400,1,0.031,0,2.664812,0.035819,-36.666
154.439,3.003901,0.233928,-0.001669,-32.494,0.7660,17.177,8.030,2504,82656,1,0.222,0,2.665405,0.035316,-40.344
154.843,3.001525,0.233513,-0.002074,-35.650,0.7300,19.863,6.898,2504,86400,1,0.217,0,2.664995,0.035750,-44.035
155.244,2.992900,0.235220,-0.002334,-37.111,0.6955,21.307,5.454,2504,86400,1,0.011,0,2.664812,0.035915,-43.237
155.644,2.989210,0.237991,-0.002073,-36.926,0.6891,16.124,4.885,2504,86400,1,0.210,0,2.664812,0.035915,-43.237
156.060,2.983954,0.242455,-0.002184,-37.458,0.7012,15.080,4.018,2504,86400,1,0.225,0,2.664812,0.035915,-43.237
156.463,2.982359,0.251262,0.000964,-37.523,0.7261,16.493,4.671,2504,82656,1,0.125,0,2.664812,0.035915,-43.237
156.876,2.980948,0.259633,-0.000967,-37.372,0.7429,14.823,5.849,2504,86400,1,0.070,0,2.664812,0.035915,-43.237
157.277,2.979699,0.269467,-0.001870,-37.484,0.7727,12.009,6.209,2504,86400,1,0.071,0,2.664812,0.035915,-43.237
157.678,2.979464,0.273276,-0.000517,-37.739,0.7731,17.030,5.779,2504,86400,1,0.074,0,2.664812,0.035915,-43.237
158.095,2.979205,0.280285,0.000992,-37.607,0.8340,18.529,6.012,2504,86400,1,0.168,0,2.664812,0.035915,-43.237
158.496,2.980413,0.296898,0.003367,-37.296,0.8714,11.228,5.788,2504,86400,1,0.070,0,2.664812,0.035915,-43.237
158.897,2.982468,0.316639,0.003258,-35.985,0.8697,12.633,6.158,2504,86400,1,0.000,0,2.664812,0.035915,-43.237
159.306,2.980558,0.322868,0.001796,-37.731,0.8388,15.916,6.541,2504,86400,1,0.021,0,2.664812,0.035915,-43.237
159.715,2.975782,0.325075,-0.004853,-38.182,0.7839,19.255,6.662,2504,82656,1,0.074,0,2.664812,0.035915,-43.237
160.135,2.975985,0.329848,0.001310,-37.501,0.8724,14.775,6.407,2504,86400,1,0.218,0,2.664812,0.035915,-43.237
160.536,2.977097,0.347081,0.001236,-36.856,0.8595,15.844,5.316,2504,86400,1,0.045,0,2.664812,0.035915,-43.237
160.948,2.975709,0.362184,-0.001499,-37.170,0.8642,13.658,5.280,2504,86400,1,0.050,0,2.664812,0.035915,-43.237
161.357,2.976744,0.366616,0.001986,-36.377,0.8745,13.521,4.821,2504,86304,1,0.059,0,2.664812,0.035915,-43.237
161.757,2.976744,0.366616,0.001986,-36.377,0.8745,14.485,5.069,2504,86400,1,0.460,0,2.664812,0.035915,-43.237
162.159,2.976744,0.366616,0.001986,-36.377,0.8745,12.799,6.201,2504,86400,1,0.862,0,2.664812,0.035915,-43.237
162.577,2.979832,0.386087,0.001397,-36.454,0.8638,17.055,3.349,2504,86400,1,0.158,0,2.664812,0.035915,-43.237
162.977,2.978852,0.397176,0.000565,-37.382,0.8669,15.303,3.730,2504,86400,1,0.071,0,2.664812,0.035915,-43.237
163.395,2.976384,0.401689,-0.001038,-37.360,0.8506,15.199,7.736,2504,82656,1,0.248,0,2.664812,0.035915,-43.237
163.800,2.974399,0.410287,0.000279,-37.552,0.8542,18.737,6.162,2504,86400,1,0.097,0,2.664812,0.035915,-43.237
164.205,2.973680,0.419843,-0.000327,-37.434,0.8661,18.033,6.483,2504,86400,1,0.112,0,2.664899,0.035833,-43.237
164.648,2.977627,0.419431,-0.001831,-37.546,0.8537,15.868,5.647,2504,86400,1,0.074,0,2.672527,0.028686,-43.104
165.055,2.994318,0.422489,0.001632,-36.353,0.8692,11.139,5.406,2504,86400,1,0.058,0,2.690844,0.011562,-43.095
165.472,3.002052,0.422093,-0.001957,-36.619,0.8410,15.576,5.768,2504,82560,1,0.208,0,2.705935,-0.002575,-43.128
165.875,3.023058,0.416785,-0.000665,-37.793,0.8489,15.040,4.964,2504,86400,1,0.059,0,2.720500,-0.016227,-43.176
166.276,3.029796,0.415683,-0.002185,-38.321,0.8571,13.861,6.047,2504,86400,1,0.049,0,2.727928,-0.023198,-43.188
166.678,3.042199,0.407085,-0.000309,-38.200,0.8469,17.360,5.325,2504,86304,1,0.091,0,2.738442,-0.033071,-43.209
167.087,3.054019,0.401636,0.000618,-38.369,0.8301,13.723,4.719,2504,86400,1,0.128,0,2.756000,-0.049552,-43.136
167.495,3.054019,0.401636,0.000618,-38.369,0.8301,13.059,5.347,2504,86400,1,0.536,0,2.778355,-0.070463,-43.055
167.895,3.089470,0.389015,0.003726,-37.345,0.8450,14.118,3.323,2504,86400,1,0.071,0,2.793601,-0.084697,-43.044
168.299,3.103685,0.392175,0.000619,-37.374,0.8571,17.036,3.065,2504,86400,1,0.081,0,2.798619,-0.089384,-43.035
168.704,3.114849,0.397375,0.000378,-37.830,0.8670,20.653,3.887,2504,86400,1,0.202,0,2.822414,-0.111642,-43.131
169.144,3.138754,0.398613,-0.000139,-37.729,0.8730,16.839,6.547,2504,86400,1,0.052,0,2.827278,-0.116198,-43.125
169.547,3.150223,0.399348,0.002263,-38.214,0.8641,18.139,6.532,2504,82656,1,0.145,0,2.852433,-0.139744,-43.113
169.960,3.168414,0.395190,0.001420,-38.518,0.8457,17.745,6.469,2504,86400,1,0.063,0,2.866834,-0.153227,-43.135
170.363,3.176317,0.397347,0.001470,-38.063,0.8480,15.037,7.088,2504,86400,1,0.258,0,2.881840,-0.167291,-43.131
170.766,3.198323,0.392152,0.000998,-38.603,0.8323,13.859,6.724,2504,86400,1,0.040,0,2.895280,-0.179883,-43.134
171.168,3.209601,0.387771,-0.001905,-39.408,0.8121,13.530,6.687,2504,86304,1,0.067,0,2.910666,-0.194281,-43.094
171.599,3.213322,0.387932,-0.000225,-39.064,0.8086,17.625,7.392,2504,86304,1,0.402,0,2.924171,-0.206909,-43.064
172.002,3.213322,0.387932,-0.000225,-39.064,0.8086,14.196,6.702,2504,86400,1,0.804,0,2.940671,-0.222323,-43.051
172.405,3.213322,0.387932,-0.000225,-39.064,0.8086,15.778,7.066,2504,82560,1,1.207,0,2.955310,-0.235984,-43.008
172.815,3.273883,0.344932,0.000879,-38.842,0.8481,18.799,1.791,2504,82560,1,0.114,0,2.964079,-0.244168,-43.026
173.217,3.273883,0.344932,0.000879,-38.842,0.8481,13.029,0.000,2504,86400,1,0.516,0,2.982655,-0.261498,-43.007
173.635,3.309085,0.327636,0.005851,-38.357,0.9357,17.019,1.194,2505,86400,1,0.096,0,2.999745,-0.277462,-43.073
174.041,3.324653,0.320686,0.003773,-37.399,0.9466,19.355,1.664,2505,86400,1,0.138,0,3.010548,-0.287564,-43.088
174.442,3.336739,0.323779,0.008641,-36.426,0.9528,18.211,2.091,2505,86400,1,0.306,0,3.021536,-0.297848,-43.130
174.844,3.357138,0.316546,0.004456,-36.101,0.9621,15.702,2.779,2505,86400,1,0.226,0,3.036732,-0.312104,-43.211
175.250,3.376333,0.316747,0.003170,-37.397,0.9147,12.705,2.987,2505,86400,1,0.037,0,3.051385,-0.325853,-43.207
175.662,3.377785,0.327086,0.002988,-37.250,0.8125,9.660,3.566,2505,86400,1,0.077,0,3.049390,-0.323975,-43.299
176.071,3.377785,0.327086,0.002988,-37.250,0.8125,21.541,3.448,2505,86400,1,0.485,0,3.049390,-0.323975,-43.299
176.481,3.377785,0.327086,0.002988,-37.250,0.8125,21.079,4.134,2505,86304,1,0.895,0,3.048546,-0.323174,-43.939
176.895,3.377203,0.330633,-0.002292,-39.782,0.7891,22.669,2.945,2505,86400,1,0.276,0,3.048930,-0.323563,-45.983
177.302,3.375355,0.331949,-0.002225,-42.026,0.7519,18.847,2.587,2505,86400,1,0.065,0,3.049181,-0.323844,-49.455
177.703,3.375355,0.331949,-0.002225,-42.026,0.7519,18.044,3.978,2505,86400,1,0.466,0,3.049144,-0.323771,-53.013
178.117,3.372269,0.337029,-0.000046,-44.434,0.7244,11.745,3.524,2505,86400,1,0.215,0,3.049194,-0.323839,-54.639
178.534,3.370525,0.342132,0.000421,-46.138,0.7226,10.563,2.646,2505,86400,1,0.026,0,3.049026,-0.323520,-60.376
178.942,3.360218,0.359558,-0.000964,-47.097,0.7152,16.502,4.218,2505,86400,1,0.024,0,3.048960,-0.323415,-63.922
179.359,3.352571,0.371787,-0.001748,-49.162,0.6329,16.312,5.196,2505,86400,1,0.052,0,3.049178,-0.323878,-65.307
179.769,3.347770,0.377203,-0.003996,-49.974,0.6168,14.447,5.378,2505,86400,1,0.380,0,3.048984,-0.323401,-71.705
180.174,3.340413,0.382024,-0.003699,-55.098,0.5181,17.936,6.044,2505,86400,1,0.177,0,3.049338,-0.324560,-75.579
180.576,3.340413,0.382024,-0.003699,-55.098,0.5181,21.140,5.669,2505,86304,1,0.579,0,3.049268,-0.324266,-79.047
180.976,3.340413,0.382024,-0.003699,-55.098,0.5181,16.280,4.716,2505,86304,1,0.979,0,3.049319,-0.324589,-82.569
181.384,3.340413,0.382024,-0.003699,-55.098,0.5181,11.795,3.288,2505,82656,1,1.387,0,3.049248,-0.323992,-85.994
181.797,3.310471,0.384229,-0.004493,-66.796,0.9710,17.305,1.749,2505,86400,1,0.084,0,3.049250,-0.324012,-87.948
182.201,3.283606,0.379058,-0.011600,-67.840,0.9779,12.409,5.612,2505,86400,1,0.140,0,3.049274,-0.323334,-93.476
182.601,3.252448,0.377225,-0.005717,-71.440,0.8672,18.756,4.704,2505,86400,1,0.012,0,3.049215,-0.323838,-97.472
183.016,3.210928,0.381386,-0.006665,-73.228,0.7073,16.043,5.534,2655,86400,1,0.044,0,3.049395,-0.322669,259.017
183.439,3.194917,0.379579,-0.012194,-74.820,0.6837,15.767,5.728,2655,86400,1,0.342,0,3.049268,-0.323203,256.000
183.858,3.182389,0.375614,-0.008449,-79.346,0.6327,12.589,4.118,2655,86400,1,0.097,0,3.049092,-0.323883,254.936
184.265,3.182389,0.375614,-0.008449,-79.346,0.6327,11.667,4.084,2655,86400,1,0.505,0,3.049207,-0.323460,254.625
184.677,3.173707,0.374879,-0.006302,-79.487,0.6390,16.441,3.004,2655,86304,1,0.281,0,3.049207,-0.323460,254.625
185.078,3.164600,0.372521,-0.008009,-79.622,0.6448,20.666,1.638,2655,86304,1,0.149,0,3.049207,-0.323460,254.625
185.486,3.164600,0.372521,-0.008009,-79.622,0.6448,15.544,1.712,2655,86304,1,0.557,0,3.049207,-0.323460,254.625
185.895,3.157440,0.371091,-0.008724,-79.494,0.6413,17.861,1.630,2655,86400,1,0.271,0,3.049207,-0.323460,254.625
186.303,3.151162,0.365026,-0.009499,-79.513,0.6420,8.067,1.868,2655,82656,1,0.301,0,3.049207,-0.323460,254.625
186.756,3.146422,0.362266,-0.005848,-79.594,0.6408,18.758,2.117,2655,86304,1,0.409,0,3.049207,-0.323460,254.625
187.156,3.143117,0.357582,-0.006407,-79.570,0.6430,18.310,2.381,2655,86400,1,0.272,0,3.049207,-0.323460,254.625
187.580,3.135829,0.357037,-0.004298,-79.265,0.6379,17.973,2.625,2655,86304,1,0.052,0,3.049207,-0.323460,254.625
187.982,3.132732,0.348730,-0.003341,-79.398,0.6324,12.161,3.141,2655,86400,1,0.069,0,3.049207,-0.323460,254.625
188.393,3.129453,0.341801,-0.002820,-79.389,0.6338,17.291,4.259,2655,82656,1,0.100,0,3.049207,-0.323460,254.625
188.795,3.128575,0.339166,-0.003069,-79.258,0.6364,19.869,3.954,2655,86400,1,0.141,0,3.049207,-0.323460,254.625
189.197,3.128575,0.339166,-0.003069,-79.258,0.6364,15.132,4.926,2655,86400,1,0.542,0,3.049207,-0.323460,254.625
189.615,3.127092,0.334768,-0.004049,-79.304,0.6364,18.111,2.513,2655,86400,1,0.000,0,3.049207,-0.323460,254.625
190.015,3.126223,0.332595,-0.001356,-79.142,0.6344,14.984,2.264,2655,86400,1,0.144,0,3.049207,-0.323460,254.625
190.416,3.123613,0.327803,-0.001629,-78.927,0.6388,14.807,3.454,2655,86400,1,0.024,0,3.049207,-0.323460,254.625
190.835,3.123007,0.324365,-0.004465,-79.121,0.6341,14.099,6.659,2655,86400,1,0.319,0,3.049154,-0.323654,254.659
191.237,3.122316,0.318388,-0.002702,-78.994,0.6323,12.853,5.364,2655,86400,1,0.131,0,3.047807,-0.328589,254.746
191.642,3.123841,0.305758,-0.000358,-79.032,0.6353,16.321,5.495,2655,86400,1,0.134,0,3.041873,-0.350456,254.778
192.059,3.129422,0.273484,-0.003268,-79.195,0.6408,16.281,5.686,2655,86400,1,0.030,0,3.036660,-0.369582,254.780
192.466,3.128596,0.265371,-0.002843,-79.074,0.6384,18.384,4.532,2655,86400,1,0.185,0,3.031413,-0.388865,254.716
192.877,3.132224,0.236617,0.000772,-79.035,1.0000,20.018,4.482,2655,86400,1,0.163,0,3.025985,-0.408767,254.764
193.281,3.135479,0.217880,0.002370,-78.934,1.0000,12.039,3.926,2655,82656,1,0.245,0,3.020671,-0.428276,254.772
193.694,3.139147,0.206477,0.006304,-79.011,1.0000,17.387,4.038,3076,86304,1,0.382,0,3.015652,-0.446738,254.802
194.098,3.151985,0.159570,0.011542,-79.050,1.0000,18.117,2.294,3076,86304,1,0.073,0,3.010561,-0.465491,254.836
194.500,3.163341,0.128519,0.020135,-78.841,0.9983,17.886,2.562,3076,86400,1,0.226,0,3.004806,-0.486810,254.907
194.902,3.175799,0.088101,0.006723,-78.908,0.9982,15.250,2.980,3076,86400,1,0.187,0,2.999614,-0.506086,254.953
195.305,3.184903,0.051174,0.007527,-78.849,0.9981,15.541,3.668,3076,86400,1,0.086,0,2.994827,-0.523893,254.924
195.706,3.190584,0.030230,0.013701,-79.096,0.9963,24.407,6.066,3076,86400,1,0.197,0,2.992751,-0.531601,254.941
196.146,3.186635,0.002858,0.005070,-78.940,1.0000,19.562,6.020,3076,86400,1,0.044,0,2.987752,-0.550163,254.923
196.558,3.189342,-0.013464,0.004986,-78.874,1.0000,17.346,5.633,3076,86304,1,0.068,0,2.978449,-0.584580,254.866
196.960,3.191669,-0.027145,0.007744,-78.875,0.9982,18.890,6.465,3076,86400,1,0.153,0,2.973487,-0.602904,254.834
197.360,3.194167,-0.036405,0.006756,-78.861,0.9893,16.160,5.885,3076,86304,1,0.068,0,2.968200,-0.622401,254.838
197.776,3.196985,-0.049527,0.008719,-78.900,0.9856,18.089,5.771,3498,86304,1,0.121,0,2.962761,-0.642434,254.788
198.199,3.196985,-0.049527,0.008719,-78.900,0.9856,14.233,6.006,3498,86400,1,0.544,0,2.959406,-0.654770,254.802
198.601,3.216157,-0.117184,0.020130,-79.135,0.9809,11.071,3.299,3498,86400,1,0.062,0,2.952091,-0.681719,254.822
199.015,3.232372,-0.159018,0.010306,-79.125,0.9778,13.025,2.858,3498,86400,1,0.036,0,2.946842,-0.701126,254.892
199.462,3.239788,-0.183522,0.004572,-79.100,0.9860,11.733,2.848,3498,82656,1,0.052,0,2.943915,-0.711960,254.883
199.864,3.246505,-0.195908,0.008318,-79.093,0.9841,11.071,5.107,3498,86304,1,0.150,0,2.936112,-0.740889,254.934
200.276,3.253323,-0.216537,0.004826,-79.110,0.9581,14.103,4.760,3498,86400,1,0.056,0,2.931240,-0.758985,254.914
200.695,3.262254,-0.236675,0.008176,-79.199,0.9981,17.864,5.718,3498,86400,1,0.105,0,2.925361,-0.780849,254.945
201.096,3.266743,-0.248345,0.007867,-79.266,0.9374,15.877,5.775,3498,86400,1,0.178,0,2.920042,-0.800587,254.916
201.496,3.266743,-0.248345,0.007867,-79.266,0.9374,17.757,5.834,3498,86400,1,0.578,0,2.915088,-0.818957,254.876
201.915,3.273011,-0.275847,0.006021,-79.232,0.9436,17.833,4.582,3839,86400,1,0.386,0,2.909567,-0.839367,254.872
202.316,3.286813,-0.327849,0.013538,-79.335,0.9312,14.421,3.777,3839,86304,1,0.107,0,2.904375,-0.858560,254.855
202.735,3.296943,-0.357370,0.012432,-79.188,0.9202,14.237,3.519,3839,86400,1,0.223,0,2.899722,-0.875766,254.911
203.136,3.299731,-0.377964,0.005475,-79.252,0.9002,17.267,4.420,3839,86400,1,0.023,0,2.895972,-0.889666,254.908
203.536,3.302796,-0.394932,0.007719,-79.273,0.8747,15.837,5.790,3839,86304,1,0.115,0,2.890544,-0.909792,254.899
203.936,3.304128,-0.415263,0.005617,-79.280,0.8574,16.138,5.317,3839,86400,1,0.017,0,2.885416,-0.928778,254.899
204.357,3.307007,-0.429511,0.005517,-79.326,0.8373,17.062,4.891,3839,86304,1,0.121,0,2.880118,-0.948454,254.954
204.775,3.309482,-0.441409,0.005063,-79.287,0.8396,20.464,4.802,3839,86400,1,0.262,0,2.874709,-0.968556,254.960
205.176,3.313379,-0.459959,0.007160,-79.252,0.8662,14.210,3.744,3839,86400,1,0.256,0,2.869726,-0.987135,255.016
205.584,3.317551,-0.479877,0.007340,-79.205,0.8384,12.618,3.345,3839,86400,1,0.252,0,2.864892,-1.005196,255.020
205.998,3.321115,-0.493735,0.008104,-79.200,0.8948,15.929,2.657,3839,86400,1,0.257,0,2.859669,-1.024700,255.009
206.404,3.328509,-0.523696,0.007311,-79.145,0.8539,14.935,2.777,3839,86304,1,0.091,0,2.854303,-1.044734,254.988
206.815,3.330230,-0.529844,0.007373,-79.179,0.8438,16.253,3.294,4053,86400,1,0.377,0,2.848703,-1.065605,254.984
207.216,3.341422,-0.578356,0.010091,-79.287,0.8503,21.103,3.203,4053,86400,1,0.010,0,2.843640,-1.084477,254.970
207.655,3.344644,-0.595139,0.006913,-79.184,0.8485,17.124,3.343,4053,86400,1,0.119,0,2.839322,-1.100577,254.995
208.081,3.350105,-0.621065,0.006272,-79.222,0.8623,17.707,3.941,4053,86400,1,0.057,0,2.835722,-1.114008,254.992
208.495,3.353854,-0.636285,0.009196,-79.202,0.8477,18.471,3.511,4053,86400,1,0.163,0,2.827375,-1.145236,255.090
208.896,3.362571,-0.663796,0.010020,-79.220,0.8504,15.537,4.695,4053,86400,1,0.071,0,2.822473,-1.163650,255.096
209.302,3.368702,-0.690425,0.008185,-79.231,0.8431,14.572,5.963,4053,86304,1,0.089,0,2.817240,-1.183348,255.134
209.715,3.370536,-0.697270,0.008995,-79.205,0.8292,15.191,6.850,4053,86400,1,0.284,0,2.812034,-1.202898,255.040
210.116,3.373302,-0.714970,0.006329,-79.215,0.8562,15.142,6.563,4053,86400,1,0.261,0,2.807214,-1.220927,255.034
210.516,3.373302,-0.714970,0.006329,-79.215,0.8562,15.059,6.737,4053,86400,1,0.661,0,2.801913,-1.240730,255.014
210.936,3.382128,-0.765926,0.010415,-79.247,0.8729,14.884,3.119,4053,86400,1,0.041,0,2.796503,-1.260988,255.071
211.358,3.383018,-0.777960,0.005060,-79.215,0.8230,15.792,3.035,4053,86304,1,0.000,0,2.793167,-1.273484,255.045
211.763,3.384760,-0.789369,0.006603,-79.161,0.7683,15.521,3.395,4215,86400,1,0.140,0,2.788197,-1.292157,255.105
212.172,3.384760,-0.789369,0.006603,-79.161,0.7683,15.557,6.870,4215,86400,1,0.549,0,2.784565,-1.305797,255.084
212.594,3.389835,-0.816778,0.003907,-79.102,0.8511,15.534,4.470,4215,86400,1,0.357,0,2.779371,-1.325343,255.132
213.018,3.396961,-0.845271,0.011737,-79.063,0.8259,15.177,4.135,4215,86400,1,0.195,0,2.772266,-1.352150,255.181
213.435,3.401590,-0.873178,0.011848,-79.083,0.8462,14.206,3.988,4215,82656,1,0.168,0,2.766856,-1.372611,255.196
213.836,3.406503,-0.898823,0.012010,-79.006,0.8838,13.107,4.766,4215,86400,1,0.130,0,2.761739,-1.391970,255.198
214.247,3.406503,-0.898823,0.012010,-79.006,0.8838,12.537,5.484,4215,86400,1,0.541,0,2.757851,-1.406675,255.186
214.650,3.412294,-0.949718,0.007304,-79.351,0.8410,12.627,4.510,4215,86400,1,0.144,0,2.755346,-1.416001,254.654
215.063,3.412294,-0.949718,0.007304,-79.351,0.8410,12.130,4.037,4215,86400,1,0.557,0,2.746296,-1.448957,254.547
215.469,3.417628,-0.983871,0.004526,-79.499,0.8537,13.169,2.927,4215,86400,1,0.248,0,2.740855,-1.468623,254.524
215.872,3.422100,-1.017237,0.005579,-79.401,0.8221,14.070,3.424,4215,86400,1,0.062,0,2.735397,-1.488297,254.465
216.278,3.422072,-1.030604,0.007735,-79.161,0.8795,14.609,3.685,4215,86304,1,0.029,0,2.733093,-1.496610,254.548
216.683,3.421853,-1.037522,0.006708,-79.295,0.8616,14.179,4.421,4368,86400,1,0.104,0,2.725054,-1.525745,254.598
217.093,3.424266,-1.048941,0.010259,-79.133,0.8547,14.130,4.345,4368,86400,1,0.260,0,2.719717,-1.545173,254.664
217.498,3.431107,-1.080381,0.009064,-79.248,0.7891,14.647,3.727,4368,86400,1,0.013,0,2.714058,-1.565846,254.740
217.915,3.431107,-1.080381,0.009064,-79.248,0.7891,13.631,3.222,4368,86400,1,0.430,0,2.708829,-1.585005,254.720
218.339,3.438888,-1.119040,0.023000,-79.286,0.8620,13.711,2.322,4368,86304,1,0.189,0,2.707256,-1.590756,254.718
218.755,3.443826,-1.138636,0.011808,-79.322,0.8626,15.452,2.349,4368,86400,1,0.220,0,2.697896,-1.625076,254.705
219.156,3.448906,-1.162590,0.012933,-79.395,0.8646,15.742,2.734,4368,86400,1,0.209,0,2.692626,-1.644326,254.675
219.559,3.451189,-1.193227,0.010861,-79.276,0.8363,14.084,4.649,4368,86400,1,0.119,0,2.687598,-1.662660,254.646
219.972,3.455466,-1.212879,0.013913,-79.296,0.8454,15.035,4.077,4368,86400,1,0.105,0,2.683419,-1.677918,254.698
220.374,3.459818,-1.236986,0.014342,-79.250,0.8068,17.160,4.418,4368,82656,1,0.136,0,2.676601,-1.702850,254.721
220.781,3.463536,-1.255240,0.013722,-79.330,0.8571,16.164,4.281,4368,86400,1,0.198,0,2.672110,-1.719306,254.717
221.232,3.469040,-1.280795,0.011959,-79.355,0.9247,16.274,4.162,4368,86400,1,0.208,0,2.666775,-1.738828,254.719
221.635,3.473108,-1.303369,0.011345,-79.271,0.8929,15.877,3.580,4368,86400,1,0.092,0,2.660491,-1.761882,254.765
222.054,3.475755,-1.320154,0.006051,-79.409,0.7928,15.182,3.251,4368,86400,1,0.076,0,2.656226,-1.777558,254.808
222.482,3.475755,-1.320154,0.006051,-79.409,0.7928,13.694,2.865,4368,86400,1,0.503,0,2.650185,-1.799856,254.852
222.882,3.486117,-1.372234,0.013190,-79.488,0.8182,14.420,2.792,4516,86400,1,0.067,0,2.645880,-1.815728,254.818
223.308,3.489062,-1.389726,0.013112,-79.339,0.8082,12.878,3.485,4516,86304,1,0.044,0,2.644156,-1.822080,254.809
223.708,3.492881,-1.413036,0.016050,-79.447,0.8608,13.681,3.635,4516,86400,1,0.079,0,2.635531,-1.853803,254.825
224.122,3.495638,-1.427174,0.012362,-79.465,0.8465,14.841,5.629,4516,86400,1,0.242,0,2.635028,-1.855656,254.826
224.538,3.505767,-1.473376,0.009876,-79.472,0.8556,14.968,5.882,4516,86400,1,0.032,0,2.624723,-1.893657,254.852
224.939,3.511846,-1.498004,0.017025,-79.447,0.9547,14.619,6.070,4516,86400,1,0.019,0,2.619613,-1.912545,254.873
225.346,3.512875,-1.502776,0.009450,-79.430,0.7917,15.770,7.182,4516,86304,1,0.325,0,2.619558,-1.912749,254.895
225.747,3.512885,-1.501860,0.010680,-79.383,0.8455,15.661,5.972,4516,86400,1,0.323,0,2.620078,-1.910818,254.944
226.160,3.515818,-1.511578,0.014542,-79.325,0.8411,14.542,5.255,4516,86400,1,0.028,0,2.620078,-1.910818,254.944
226.561,3.515388,-1.513305,0.012668,-79.331,0.8543,15.903,5.044,4516,86400,1,0.245,0,2.620078,-1.910818,254.944
226.966,3.516405,-1.518867,0.011144,-79.324,0.9543,15.530,4.802,4516,86400,1,0.070,0,2.620078,-1.910818,254.944
227.369,3.516302,-1.520248,0.010834,-79.307,0.9582,15.288,5.317,4516,82656,1,0.064,0,2.620078,-1.910818,254.944
227.772,3.516302,-1.520248,0.010834,-79.307,0.9582,14.599,5.802,4640,86400,1,0.467,0,2.620078,-1.910818,254.944
228.174,3.517581,-1.520077,0.008600,-79.319,0.8348,15.734,5.238,4640,86400,1,0.140,0,2.620078,-1.910818,254.944
228.575,3.517060,-1.519443,0.010982,-79.277,0.8446,16.277,5.865,4640,86400,1,0.248,0,2.620078,-1.910818,254.944
228.975,3.517060,-1.519443,0.010982,-79.277,0.8446,15.771,5.362,4640,86400,1,0.649,0,2.620078,-1.910818,254.944
229.396,3.516870,-1.520467,0.012289,-79.308,0.9668,15.800,4.031,4640,82560,1,0.091,0,2.620078,-1.910818,254.944
229.798,3.517586,-1.520767,0.008108,-79.307,0.7865,15.777,4.107,4640,86400,1,0.277,0,2.620078,-1.910818,254.944
230.217,3.518959,-1.523894,0.008822,-79.263,0.8534,13.765,4.185,4640,86400,1,0.085,0,2.620078,-1.910818,254.944
230.637,3.516975,-1.524146,0.006247,-79.311,0.9782,14.137,6.934,4640,86400,1,0.000,0,2.620078,-1.910818,254.944
231.055,3.516774,-1.524941,0.008004,-79.292,0.9717,15.160,7.261,4640,86400,1,0.345,0,2.620078,-1.910818,254.944
231.456,3.516715,-1.525096,0.007611,-79.270,0.9234,15.118,6.172,4640,82656,1,0.152,0,2.620078,-1.910818,254.944
231.888,3.516162,-1.524950,0.006436,-79.300,0.7930,15.140,6.610,4640,86400,1,0.173,0,2.620078,-1.910818,254.944
232.303,3.516631,-1.524877,0.011666,-79.293,0.9825,16.560,6.641,4640,86304,1,0.092,0,2.620078,-1.910818,254.944
232.705,3.516989,-1.525455,0.009391,-79.293,0.9736,16.223,5.494,4640,86400,1,0.175,0,2.620078,-1.910818,254.944
233.145,3.517531,-1.524788,0.008639,-79.261,0.8527,15.512,5.795,4640,86400,1,0.116,0,2.620078,-1.910818,254.944
233.549,3.517531,-1.524788,0.008639,-79.261,0.8527,14.618,5.603,4640,86400,1,0.519,0,2.620208,-1.910313,253.350
233.956,3.519201,-1.526194,0.008252,-81.814,0.7324,14.586,3.829,4640,86400,1,0.084,0,2.620083,-1.910695,250.552
234.374,3.519201,-1.526194,0.008252,-81.814,0.7324,13.607,2.236,4640,82656,1,0.503,0,2.620147,-1.910527,248.860
234.774,3.501620,-1.526659,0.005541,-88.658,0.6744,12.606,2.119,4640,86400,1,0.055,0,2.619985,-1.910900,243.195
235.193,3.484263,-1.529702,0.009586,-92.215,0.6793,12.680,3.974,4640,86400,1,0.063,0,2.620164,-1.910571,239.556
235.597,3.484263,-1.529702,0.009586,-92.215,0.6793,13.092,3.974,4640,86400,1,0.467,0,2.619982,-1.910887,235.926
235.997,3.473212,-1.530147,0.008284,-97.983,0.6125,13.605,3.440,4640,86400,1,0.117,0,2.620158,-1.910642,232.266
236.403,3.453353,-1.527066,0.010392,-99.346,0.6008,13.511,3.629,4640,82560,1,0.323,0,2.620059,-1.910769,231.776
236.803,3.443022,-1.530032,0.005302,-99.270,0.9812,15.773,2.777,4640,86400,1,0.077,0,2.619051,-1.912069,233.183
237.203,3.418768,-1.532535,0.012451,-99.468,0.9676,15.753,3.380,4640,86400,1,0.140,0,2.619051,-1.912069,233.183
237.604,3.411913,-1.543837,0.011320,-99.412,0.9893,16.194,3.033,4640,86400,1,0.075,0,2.611690,-1.921932,233.270
238.014,3.403763,-1.563106,0.011078,-99.466,0.9110,14.691,3.230,5062,86400,1,0.077,0,2.604948,-1.930961,233.251
238.452,3.393606,-1.581455,0.008333,-99.411,0.8402,14.165,4.360,5062,82656,1,0.120,0,2.589842,-1.951196,233.248
238.861,3.386800,-1.603496,0.012358,-99.370,0.8857,12.148,3.975,5062,86400,1,0.037,0,2.575157,-1.970878,233.282
239.268,3.384977,-1.633298,0.016775,-99.462,0.8065,12.540,4.688,5062,86304,1,0.033,0,2.569256,-1.978785,233.261
239.698,3.384177,-1.656469,0.011586,-99.560,0.8225,13.355,4.786,5062,86400,1,0.089,0,2.554697,-1.998285,233.266
240.098,3.382602,-1.678768,0.009230,-99.486,0.8199,13.547,4.666,5062,86400,1,0.050,0,2.538423,-2.020082,233.268
240.515,3.383873,-1.696054,0.013658,-99.696,0.8340,15.626,5.055,5062,86400,1,0.193,0,2.525755,-2.037067,233.272
240.915,3.381169,-1.715752,0.012788,-99.630,0.8708,15.768,4.474,5062,86400,1,0.187,0,2.514386,-2.052288,233.278
241.318,3.381169,-1.715752,0.012788,-99.630,0.8708,16.167,4.573,5062,86304,1,0.590,0,2.502378,-2.068402,233.304
241.719,3.375802,-1.751634,0.010652,-99.398,0.8592,16.860,3.124,5062,86400,1,0.073,0,2.494916,-2.078407,233.291
242.134,3.372976,-1.770499,0.010907,-99.560,0.9590,17.304,2.949,5062,86400,1,0.231,0,2.482051,-2.095659,233.257
242.535,3.371086,-1.792974,0.005409,-99.506,0.8319,17.086,2.884,5062,86400,1,0.073,0,2.470852,-2.110657,233.260
242.944,3.369623,-1.816580,0.005895,-99.532,0.8159,16.441,4.046,5062,86400,1,0.125,0,2.458051,-2.127793,233.206
243.349,3.365431,-1.837788,0.010703,-99.432,0.7967,15.705,4.377,5062,86304,1,0.104,0,2.455349,-2.131406,233.221
243.757,3.363299,-1.860400,0.010806,-99.573,0.8523,15.205,4.039,5455,86400,1,0.120,0,2.434103,-2.159845,233.216
244.163,3.359410,-1.886055,0.012443,-99.664,0.8573,14.709,4.414,5455,86400,1,0.092,0,2.422948,-2.174777,233.249
244.570,3.352824,-1.909724,0.011536,-99.640,0.8430,13.744,4.719,5455,86400,1,0.038,0,2.410498,-2.191445,233.218
244.971,3.351281,-1.928103,0.013689,-99.610,0.9622,13.732,4.902,5455,86400,1,0.067,0,2.398475,-2.207533,233.231
245.375,3.351281,-1.928103,0.013689,-99.610,0.9622,14.545,5.526,5455,82656,1,0.472,0,2.386991,-2.222901,233.225
245.821,3.347422,-1.969558,0.009055,-99.658,0.8768,15.794,4.932,5455,86400,1,0.095,0,2.378937,-2.233686,233.272
246.236,3.347532,-1.973749,0.009281,-99.608,0.8220,15.212,5.098,5455,86400,1,0.388,0,2.361454,-2.257109,233.285
246.637,3.340076,-2.007594,0.007100,-99.448,0.8043,15.752,3.751,5455,86400,1,0.019,0,2.355312,-2.265348,233.314
247.056,3.339149,-2.010102,0.006243,-99.450,0.8512,16.395,4.757,5455,86400,1,0.368,0,2.337679,-2.289000,233.288
247.469,3.335278,-2.041956,0.007007,-99.406,0.8346,15.026,3.402,5455,86400,1,0.181,0,2.329174,-2.300404,233.271
247.870,3.334081,-2.063792,0.006016,-99.406,0.8902,14.661,3.828,5455,86400,1,0.123,0,2.317255,-2.316364,233.228
248.282,3.333085,-2.078979,0.005205,-99.446,0.8304,14.622,3.691,5455,86304,1,0.215,0,2.301485,-2.337473,233.254
248.682,3.330744,-2.114118,0.011046,-99.391,0.8147,15.039,3.081,5758,86400,1,0.047,0,2.289923,-2.352963,233.288
249.098,3.330171,-2.139536,0.007544,-99.716,0.8201,14.990,4.518,5758,86400,1,0.040,0,2.277384,-2.369779,233.282
249.503,3.325888,-2.157602,0.006898,-99.720,0.8496,14.645,4.703,5758,86400,1,0.074,0,2.272016,-2.376983,233.122
249.915,3.326374,-2.158209,0.011304,-99.756,0.8356,14.662,5.256,5758,86400,1,0.136,0,2.272342,-2.376548,233.118
250.316,3.325158,-2.160254,0.008792,-99.709,0.8516,15.652,6.260,5758,86304,1,0.051,0,2.272342,-2.376548,233.118
250.717,3.325158,-2.160254,0.008792,-99.709,0.8516,14.698,5.888,5758,86400,1,0.452,0,2.272342,-2.376548,233.118
251.118,3.325009,-2.161734,0.008452,-99.694,0.8634,14.852,4.280,5758,86400,1,0.091,0,2.272342,-2.376548,233.118
251.518,3.325009,-2.161734,0.008452,-99.694,0.8634,15.003,4.236,5758,86400,1,0.492,0,2.272342,-2.376548,233.118
251.920,3.324069,-2.162193,0.009203,-99.761,0.8346,15.556,3.713,5758,86400,1,0.018,0,2.272342,-2.376548,233.118
252.324,3.322748,-2.162535,0.006594,-99.726,0.8487,15.188,4.470,5758,86304,1,0.195,0,2.272342,-2.376548,233.118
252.734,3.322150,-2.162574,0.007301,-99.720,0.8443,14.699,4.623,5758,86400,1,0.000,0,2.272342,-2.376548,233.118
253.135,3.320825,-2.165424,0.011369,-99.676,0.9629,14.635,6.321,5758,86400,1,0.017,0,2.272342,-2.376548,233.118
253.535,3.321464,-2.166329,0.006832,-99.637,0.7832,14.728,6.312,5758,86400,1,0.218,0,2.272342,-2.376548,233.118
253.936,3.320714,-2.165126,0.007926,-99.662,0.8370,13.699,5.025,5758,86400,1,0.099,0,2.272342,-2.376548,233.118
254.336,3.320370,-2.164923,0.006522,-99.615,0.8538,13.573,4.454,5758,86304,1,0.113,0,2.272342,-2.376548,233.118
254.736,3.320558,-2.165910,0.008644,-99.695,0.7980,15.183,4.493,5758,86400,1,0.108,0,2.272342,-2.376548,233.118
255.156,3.320069,-2.163289,0.008778,-99.684,0.8663,14.651,4.647,5758,86400,1,0.118,0,2.272342,-2.376548,233.118
255.564,3.320069,-2.163289,0.008778,-99.684,0.8663,14.043,5.826,5758,86400,1,0.526,0,2.272342,-2.376548,233.118
255.966,3.320713,-2.163216,0.007848,-99.717,0.8284,15.554,4.347,5758,86400,1,0.133,0,2.272342,-2.376548,233.118
256.377,3.319208,-2.164945,0.008513,-99.619,0.9025,16.770,4.421,5758,82656,1,0.138,0,2.272342,-2.376548,233.118
256.777,3.319874,-2.165075,0.009270,-99.726,0.8348,16.388,3.920,5758,86400,1,0.140,0,2.272728,-2.376034,232.111
257.180,3.317638,-2.169566,0.011156,-99.789,0.8275,16.359,5.141,5758,86400,1,0.179,0,2.272296,-2.376572,230.090
257.581,3.301049,-2.162432,0.004376,-102.688,0.8228,15.116,5.920,5758,86400,1,0.059,0,2.272389,-2.376486,226.789
257.982,3.296272,-2.160375,0.004579,-104.659,0.8336,14.678,6.333,5758,86400,1,0.255,0,2.272789,-2.376073,222.906
258.427,3.296272,-2.160375,0.004579,-104.659,0.8336,13.465,6.600,5758,82656,1,0.700,0,2.272974,-2.375925,219.529
258.836,3.289871,-2.156877,0.001447,-110.645,0.6019,13.723,4.051,5758,86400,1,0.354,0,2.273299,-2.375660,218.678
259.236,3.284360,-2.158305,0.005864,-114.050,0.5037,14.941,3.178,5758,86400,1,0.373,0,2.272882,-2.375957,211.300
259.662,3.284360,-2.158305,0.005864,-114.050,0.5037,14.574,1.761,5758,86400,1,0.800,0,2.272817,-2.375968,207.747
260.063,3.269165,-2.130927,0.012515,-121.222,0.5267,13.588,1.415,5758,86400,1,0.169,0,2.272380,-2.376180,203.737
260.464,3.254070,-2.128288,0.016176,-125.124,0.9528,13.079,2.067,5758,82656,1,0.048,0,2.273036,-2.375901,201.318
260.870,3.257167,-2.113399,0.011567,-128.712,0.8676,13.578,4.744,5758,86400,1,0.132,0,2.272811,-2.375994,196.464
261.280,3.259948,-2.121815,0.016434,-132.551,0.7443,12.782,4.447,5758,86304,1,0.036,0,2.273319,-2.375850,192.985
261.697,3.263435,-2.126759,0.014727,-133.623,0.6870,12.084,5.092,6507,86400,1,0.231,0,2.273106,-2.375900,189.517
262.101,3.265275,-2.133792,0.010159,-133.988,0.5597,12.662,5.804,6507,86400,1,0.073,0,2.273495,-2.375857,185.439
262.514,3.265810,-2.127081,0.002010,-131.899,0.5687,13.633,4.969,6507,86400,1,0.076,0,2.273317,-2.375876,181.518
262.948,3.273295,-2.125147,0.027415,-131.574,0.5392,14.211,5.554,6507,86400,1,0.197,0,2.273126,-2.375880,179.428
263.383,3.287002,-2.112692,0.024197,-132.380,0.5217,14.255,4.427,6507,82560,1,0.336,0,2.273150,-2.375857,174.929
263.801,3.287002,-2.112692,0.024197,-132.380,0.5217,14.830,4.240,6507,86400,1,0.754,0,2.273387,-2.375886,171.235
264.215,3.294128,-2.106844,0.011732,-134.140,0.6385,15.279,2.584,6507,86400,1,0.229,0,2.272949,-2.375771,169.873
264.626,3.294128,-2.106844,0.011732,-134.140,0.6385,14.714,1.619,6507,86400,1,0.640,0,2.273127,-2.375803,169.878
265.036,3.305391,-2.108551,0.013833,-131.596,0.6845,14.789,1.249,6507,86400,1,0.388,0,2.273127,-2.375803,169.878
265.439,3.333042,-2.111858,0.016727,-128.770,0.7494,15.295,2.216,6507,82656,1,0.099,0,2.273127,-2.375803,169.878
265.856,3.354452,-2.117342,0.012344,-127.393,0.7829,15.134,2.737,6507,86400,1,0.043,0,2.273127,-2.375803,169.878
266.258,3.354452,-2.117342,0.012344,-127.393,0.7829,15.290,3.435,6507,86400,1,0.445,0,2.273127,-2.375803,169.878
266.661,3.368043,-2.118450,0.015771,-127.195,0.7824,15.490,3.419,6507,86400,1,0.209,0,2.273127,-2.375803,169.878
267.061,3.384363,-2.122267,0.010678,-126.635,0.7710,15.382,3.714,6507,86400,1,0.164,0,2.273127,-2.375803,169.878
267.483,3.430576,-2.129850,0.013224,-126.205,0.7851,15.424,3.776,6507,82656,1,0.082,0,2.273127,-2.375803,169.878
267.899,3.438540,-2.129099,0.010033,-125.762,0.7833,13.991,5.075,6507,86400,1,0.265,0,2.273127,-2.375803,169.878
268.314,3.466345,-2.106720,0.014242,-125.042,0.7799,13.598,4.520,6507,86304,1,0.093,0,2.273127,-2.375803,169.878
268.715,3.492798,-2.083340,0.014776,-124.837,0.7823,13.199,4.433,6507,86400,1,0.013,0,2.273127,-2.375803,169.878
269.116,3.492798,-2.083340,0.014776,-124.837,0.7823,13.214,3.865,6507,86400,1,0.414,0,2.273127,-2.375803,169.878
269.535,3.514071,-2.070783,0.017525,-125.230,0.7858,14.029,3.299,6507,86400,1,0.083,0,2.273127,-2.375803,169.878
269.935,3.524518,-2.061732,0.017775,-125.292,0.7930,14.855,3.497,6507,86400,1,0.270,0,2.273127,-2.375803,169.878
270.358,3.539898,-2.070890,0.017663,-125.320,1.0000,16.028,3.939,6507,86304,1,0.133,0,2.273127,-2.375803,169.878
270.768,3.541415,-2.071285,0.016217,-125.335,1.0000,15.670,4.649,6507,86400,1,0.147,0,2.273127,-2.375803,169.878
271.170,3.541554,-2.076890,0.015753,-125.360,1.0000,15.523,4.706,6507,86400,1,0.140,0,2.264774,-2.374327,170.006
271.577,3.535915,-2.087095,0.016709,-125.396,1.0000,16.410,4.836,6507,86400,1,0.258,0,2.245268,-2.370897,170.007
271.977,3.538233,-2.084999,0.011678,-125.279,1.0000,17.309,5.287,7179,86400,1,0.064,0,2.224569,-2.367257,170.045
272.378,3.537215,-2.087482,0.008998,-125.220,1.0000,17.415,5.942,7179,82656,1,0.075,0,2.206001,-2.363994,170.013
272.796,3.524511,-2.104541,0.012485,-125.149,1.0000,16.508,5.522,7179,86400,1,0.066,0,2.192153,-2.361562,170.051
273.197,3.515486,-2.107370,0.008614,-125.173,1.0000,17.353,5.611,7179,86400,1,0.185,0,2.165607,-2.356915,170.109
273.616,3.503362,-2.109902,0.009730,-125.135,1.0000,16.347,5.900,7179,86400,1,0.107,0,2.144775,-2.353297,170.178
274.034,3.463420,-2.158819,0.009616,-124.866,1.0000,17.315,6.292,7179,86400,1,0.022,0,2.124971,-2.349875,170.235
274.435,3.443785,-2.189029,0.014090,-124.902,0.9988,16.781,6.302,7179,82656,1,0.119,0,2.105166,-2.346469,170.262
274.836,3.416971,-2.217624,0.012742,-124.790,1.0000,16.690,5.927,7179,86400,1,0.087,0,2.086803,-2.343320,170.291
275.252,3.403385,-2.229654,0.011676,-124.753,1.0000,15.551,5.814,7179,86400,1,0.127,0,2.071815,-2.340758,170.286
275.666,3.385273,-2.241386,0.008831,-124.597,1.0000,15.561,5.299,7179,86400,1,0.060,0,2.052754,-2.337494,170.264
276.075,3.380759,-2.245421,0.011189,-124.610,0.9964,14.729,5.983,7179,86400,1,0.254,0,2.025700,-2.332860,170.283
276.483,3.362347,-2.274077,0.010660,-124.671,1.0000,16.085,4.813,7179,86400,1,0.072,0,2.006757,-2.329607,170.253
276.883,3.346591,-2.293902,0.006052,-124.710,0.9837,16.059,5.611,7179,86400,1,0.160,0,1.989518,-2.326645,170.260
277.296,3.347537,-2.331031,0.019486,-125.517,1.0000,15.256,5.410,7179,86304,1,0.298,0,1.969559,-2.323211,170.251
277.696,3.336004,-2.357315,0.015272,-125.502,1.0000,14.896,3.714,7179,86400,1,0.088,0,1.954622,-2.320649,170.260
278.114,3.330929,-2.383524,0.012924,-125.457,1.0000,15.219,4.342,7179,86400,1,0.091,0,1.933508,-2.317025,170.266
278.515,3.325978,-2.397107,0.011160,-125.422,1.0000,14.207,4.301,7179,86400,1,0.007,0,1.914898,-2.313836,170.289
278.916,3.327085,-2.397370,0.012105,-125.438,0.9975,15.035,4.347,7179,86400,1,0.308,0,1.895200,-2.310467,170.290
279.317,3.320294,-2.401305,0.007045,-125.377,0.8909,16.248,5.559,7179,86304,1,0.089,0,1.876605,-2.307290,170.320
279.717,3.315728,-2.407948,0.005898,-125.317,0.8389,16.279,5.654,7707,86400,1,0.208,0,1.865212,-2.305347,170.317
280.123,3.305521,-2.418101,0.008492,-125.338,0.9734,15.788,4.882,7707,86400,1,0.077,0,1.841278,-2.301265,170.350
280.535,3.304203,-2.419135,0.005104,-125.301,0.9435,15.220,4.648,7707,86400,1,0.205,0,1.816545,-2.297056,170.355
280.936,3.303942,-2.414423,0.002547,-125.248,0.8104,14.699,5.004,7707,86400,1,0.043,0,1.811957,-2.296277,170.359
281.352,3.303942,-2.414423,0.002547,-125.248,0.8104,14.182,4.334,7707,86304,1,0.459,0,1.792615,-2.293003,170.396
281.760,3.301072,-2.416053,0.002585,-125.220,0.8442,14.199,4.047,7707,86400,1,0.027,0,1.757417,-2.287071,170.478
282.162,3.307943,-2.406988,0.005514,-125.281,0.8333,13.581,3.563,7707,86400,1,0.220,0,1.738214,-2.283843,170.449
282.565,3.312089,-2.404964,0.008262,-125.314,0.8396,14.176,3.258,7707,86400,1,0.037,0,1.718253,-2.280503,170.499
282.992,3.310227,-2.407959,0.006279,-125.219,0.8563,13.201,3.284,7707,86400,1,0.042,0,1.700621,-2.277547,170.439
283.397,3.310725,-2.408436,0.003684,-125.195,0.8402,13.675,3.138,7707,82656,1,0.057,0,1.678565,-2.273839,170.443
283.797,3.327817,-2.391439,0.006292,-125.318,0.8483,13.882,4.162,7707,86400,1,0.173,0,1.660012,-2.270707,170.399
284.203,3.325527,-2.395635,0.009468,-125.354,0.8285,14.391,4.311,7707,86400,1,0.150,0,1.638506,-2.267086,170.458
284.617,3.336921,-2.390814,0.009681,-125.384,0.9234,14.818,4.846,7707,86400,1,0.016,0,1.620084,-2.263986,170.443
285.018,3.337629,-2.393053,0.006982,-125.297,0.8030,16.144,5.157,7707,86400,1,0.127,0,1.598728,-2.260398,170.455
285.451,3.337826,-2.394857,0.005247,-125.295,0.8122,14.636,4.569,7707,82656,1,0.246,0,1.596896,-2.260090,170.457
285.855,3.345377,-2.398210,0.010194,-125.466,0.8423,15.285,5.068,7707,86400,1,0.026,0,1.571851,-2.255883,170.468
286.255,3.350685,-2.396773,0.003947,-125.492,0.8458,14.791,5.621,7707,86400,1,0.210,0,1.554127,-2.252907,170.449
286.687,3.349717,-2.402346,0.003646,-125.522,0.8391,15.653,5.876,7707,86400,1,0.265,0,1.526587,-2.248291,170.467
287.090,3.346450,-2.411401,0.008555,-125.574,0.8688,14.938,5.566,7707,86400,1,0.268,0,1.505304,-2.244715,170.485
287.534,3.341074,-2.420930,0.004889,-125.560,0.8516,15.646,4.988,7707,86400,1,0.095,0,1.488140,-2.241832,170.425
287.935,3.345475,-2.419996,0.002465,-125.401,0.8356,15.138,3.871,7707,86400,1,0.082,0,1.464049,-2.237776,170.493
288.364,3.345475,-2.419996,0.002465,-125.401,0.8356,14.699,3.494,7707,86304,1,0.511,0,1.444265,-2.234457,170.441
288.789,3.332981,-2.440573,0.005355,-125.574,0.8737,15.127,2.812,7707,86400,1,0.189,0,1.425487,-2.231302,170.459
289.201,3.345922,-2.428253,0.003391,-125.408,0.8321,16.047,3.542,7707,86400,1,0.068,0,1.415419,-2.229605,170.415
289.608,3.353407,-2.423084,0.007317,-125.555,0.8460,15.869,3.928,7707,86400,1,0.173,0,1.383428,-2.224219,170.433
290.015,3.354290,-2.426264,0.006145,-125.527,0.9144,15.826,5.856,7707,86400,1,0.219,0,1.362285,-2.220658,170.488
290.417,3.365506,-2.416166,0.004185,-125.646,0.8406,15.189,5.911,7707,82656,1,0.295,0,1.356347,-2.219663,170.492
290.835,3.369929,-2.421466,0.005172,-125.667,0.8427,15.243,6.360,7707,86400,1,0.211,0,1.321927,-2.213904,170.544
291.251,3.369230,-2.425836,0.003671,-125.619,0.8613,14.763,5.304,7707,86400,1,0.308,0,1.303257,-2.210779,170.445
291.665,3.362350,-2.440073,0.006814,-123.698,0.8452,14.046,4.324,7707,86400,1,0.019,0,1.287603,-2.208141,170.435
292.074,3.363309,-2.445779,0.005908,-123.557,0.8204,13.659,3.884,7707,86400,1,0.149,0,1.264795,-2.204290,170.397
292.476,3.369157,-2.455700,0.009508,-123.608,0.8574,15.577,3.901,7707,86400,1,0.157,0,1.244338,-2.200834,170.429
292.878,3.381566,-2.464120,0.009252,-124.183,0.8453,15.519,4.308,7707,86400,1,0.077,0,1.225279,-2.197619,170.455
293.295,3.394675,-2.469098,0.010295,-124.264,0.8507,17.402,5.471,7707,86304,1,0.183,0,1.204637,-2.194158,170.507
293.704,3.389660,-2.481703,0.006391,-124.140,0.8553,17.721,5.029,7707,86400,1,0.188,0,1.185256,-2.190918,170.522
294.115,3.395796,-2.491098,0.011693,-124.404,0.8344,17.821,4.733,7707,86400,1,0.106,0,1.163837,-2.187336,170.517
294.519,3.393164,-2.498363,0.006684,-124.441,0.8861,16.369,4.406,7707,86400,1,0.086,0,1.157292,-2.186242,170.384
294.919,3.402233,-2.491223,0.006528,-124.389,0.8555,14.679,3.767,7707,86400,1,0.269,0,1.159526,-2.186621,170.375
295.323,3.416579,-2.485105,0.010584,-124.868,0.8386,14.880,3.324,7707,86304,1,0.003,0,1.159526,-2.186621,170.375
295.735,3.421618,-2.485286,0.008488,-124.728,0.8501,15.065,3.255,7707,86400,1,0.114,0,1.159526,-2.186621,170.375
296.136,3.426750,-2.481358,0.005177,-124.543,0.8644,15.153,3.578,7707,86400,1,0.307,0,1.159526,-2.186621,170.375
296.536,3.434798,-2.477497,0.010347,-124.941,0.8427,15.739,3.162,7707,86400,1,0.305,0,1.159526,-2.186621,170.375
296.937,3.441383,-2.474379,0.009221,-124.965,0.8486,17.832,3.124,7707,86400,1,0.217,0,1.159526,-2.186621,170.375
297.358,3.447807,-2.474255,0.012825,-124.859,0.8525,16.804,2.340,7707,86304,1,0.028,0,1.159526,-2.186621,170.375
297.784,3.459723,-2.473092,0.010858,-125.135,0.8634,15.056,3.333,7707,86400,1,0.155,0,1.159526,-2.186621,170.375
298.186,3.476612,-2.461127,0.009656,-125.133,0.8498,15.208,4.251,7707,86400,1,0.073,0,1.159526,-2.186621,170.375
298.600,3.483346,-2.458132,0.013415,-125.411,0.8532,14.676,5.373,7707,86400,1,0.392,0,1.159526,-2.186621,170.375
299.004,3.494953,-2.453762,0.015384,-125.380,0.8641,15.195,5.669,7707,86400,1,0.087,0,1.159526,-2.186621,170.375
299.431,3.497834,-2.455240,0.011408,-125.551,0.8453,15.899,4.426,7707,82656,1,0.086,0,1.159526,-2.186621,170.375
299.835,3.502211,-2.454980,0.014781,-125.369,0.8510,16.788,3.201,7707,86400,1,0.026,0,1.159526,-2.186621,170.375
300.240,3.508545,-2.455717,0.012608,-125.513,0.8292,17.005,3.573,7707,86400,1,0.023,0,1.159526,-2.186621,170.375
300.666,3.516131,-2.455872,0.010308,-125.522,0.8241,15.536,3.874,7707,86400,1,0.041,0,1.159526,-2.186621,170.375
301.078,3.524282,-2.452819,0.018300,-125.726,0.8733,14.328,4.402,7707,86400,1,0.143,0,1.159526,-2.186621,170.375
301.497,3.527926,-2.455220,0.015510,-125.765,0.8333,14.232,4.900,7707,86400,1,0.259,0,1.159526,-2.186621,170.375
301.915,3.530982,-2.454789,0.010517,-125.701,0.8623,14.147,4.216,7707,86400,1,0.275,0,1.159526,-2.186621,170.375
302.316,3.535920,-2.456492,0.013573,-125.743,0.8322,13.748,3.742,7707,86304,1,0.080,0,1.159526,-2.186621,170.375
302.718,3.540255,-2.459828,0.012440,-125.735,0.8533,14.377,3.674,7707,86400,1,0.084,0,1.159526,-2.186621,170.375
303.119,3.543131,-2.462862,0.012315,-125.779,0.8635,15.780,3.958,7707,86400,1,0.112,0,1.159526,-2.186621,170.375
303.526,3.549075,-2.467118,0.017292,-126.004,0.8655,16.261,5.025,7707,86400,1,0.294,0,1.159526,-2.186621,170.375
303.935,3.553332,-2.464765,0.012663,-126.088,0.8333,16.355,5.610,7707,86400,1,0.407,0,1.159526,-2.186621,170.375
304.337,3.553332,-2.464765,0.012663,-126.088,0.8333,18.030,5.384,7707,86304,1,0.809,0,1.159526,-2.186621,170.375
304.737,3.553332,-2.464765,0.012663,-126.088,0.8333,16.737,5.072,7707,86400,1,1.209,0,1.159526,-2.186621,170.375
305.153,3.559097,-2.467175,0.010819,-126.024,0.8423,16.848,2.238,7707,86400,1,0.133,0,1.159526,-2.186621,170.375
305.555,3.564879,-2.463474,0.015692,-126.072,0.8315,15.669,5.113,7707,86400,1,0.025,0,1.159526,-2.186621,170.375
305.957,3.568027,-2.463264,0.012757,-126.057,0.8565,15.735,4.261,7707,86400,1,0.035,0,1.159526,-2.186621,170.375
306.367,3.571522,-2.463780,0.012912,-125.979,0.9570,15.695,4.057,7707,86304,1,0.141,0,1.159526,-2.186621,170.375
306.768,3.575290,-2.468961,0.010887,-126.101,0.8901,15.224,3.864,7707,86400,1,0.135,0,1.159526,-2.186621,170.375
307.170,3.576916,-2.470859,0.008704,-126.056,0.8565,14.592,3.894,7707,86400,1,0.128,0,1.159526,-2.186621,170.375
307.581,3.581666,-2.472966,0.014647,-126.102,0.9865,14.019,5.020,7707,86400,1,0.066,0,1.159526,-2.186621,170.375
308.006,3.582278,-2.473568,0.005941,-126.015,0.7955,13.410,5.038,7847,86400,1,0.191,0,1.159526,-2.186621,170.375
308.418,3.582278,-2.473568,0.005941,-126.015,0.7955,14.264,5.102,7847,82656,1,0.603,0,1.159526,-2.186621,170.375
308.835,3.582712,-2.473941,0.009481,-126.071,0.8646,14.073,4.133,7847,86400,1,0.208,0,1.159526,-2.186621,170.375
309.235,3.584155,-2.475433,0.007696,-126.063,0.8423,14.209,3.921,7847,86400,1,0.020,0,1.159526,-2.186621,170.375
309.650,3.585116,-2.475907,0.007476,-126.115,0.8966,15.420,4.104,7847,86400,1,0.130,0,1.159526,-2.186621,170.375
310.086,3.585543,-2.477527,0.005898,-126.098,0.8423,15.855,4.997,7847,86400,1,0.058,0,1.159526,-2.186621,170.375
310.497,3.585646,-2.477804,0.004488,-126.071,0.8460,15.712,4.982,7847,86400,1,0.064,0,1.159526,-2.186621,170.375
310.898,3.588667,-2.477903,0.012757,-126.206,0.8618,15.270,5.487,7847,86400,1,0.056,0,1.159526,-2.186621,170.375
311.315,3.588667,-2.477903,0.012757,-126.206,0.8618,15.225,5.661,7847,86304,1,0.473,0,1.159526,-2.186621,170.375
311.721,3.589033,-2.479155,0.007116,-126.194,0.8386,15.285,3.722,7847,86400,1,0.081,0,1.159526,-2.186621,170.375
312.134,3.589830,-2.478791,0.006867,-126.128,0.8568,15.784,3.886,7847,86400,1,0.025,0,1.159526,-2.186621,170.375
312.540,3.589368,-2.478480,0.007539,-126.243,0.8484,14.662,2.902,7847,86400,1,0.103,0,1.159526,-2.186621,170.375
312.958,3.589368,-2.478480,0.007539,-126.243,0.8484,15.122,3.764,7847,86400,1,0.521,0,1.159526,-2.186621,170.375
313.386,3.591269,-2.476230,0.009185,-126.201,0.8894,14.633,2.986,7847,82656,1,0.071,0,1.159526,-2.186621,170.375
313.794,3.591590,-2.477935,0.006863,-126.288,0.8303,14.079,2.974,7847,86400,1,0.284,0,1.159526,-2.186621,170.375
314.196,3.590793,-2.478881,0.008350,-126.169,0.8000,14.311,3.055,7847,86400,1,0.121,0,1.159526,-2.186621,170.375
314.596,3.593251,-2.479106,0.007126,-126.269,0.8733,14.330,4.335,7847,86400,1,0.060,0,1.159526,-2.186621,170.375
314.997,3.593776,-2.479417,0.007984,-126.281,0.8402,14.173,3.954,7847,86400,1,0.074,0,1.159526,-2.186621,170.375
315.399,3.594707,-2.480244,0.007573,-126.319,0.8114,15.186,3.436,7847,82656,1,0.142,0,1.159526,-2.186621,170.375
315.802,3.596112,-2.482220,0.007213,-126.275,0.8479,14.976,3.858,7847,86400,1,0.076,0,1.159526,-2.186621,170.375
316.203,3.598495,-2.480935,0.010113,-126.309,0.8587,15.727,3.975,7847,86400,1,0.073,0,1.159526,-2.186621,170.375
316.603,3.598495,-2.480935,0.010113,-126.309,0.8587,15.199,4.144,7847,86400,1,0.474,0,1.159526,-2.186621,170.375
317.013,3.598686,-2.482738,0.007348,-126.346,0.8348,15.042,3.216,7847,86400,1,0.202,0,1.159526,-2.186621,170.375
317.413,3.599443,-2.480827,0.006769,-126.270,0.8647,15.964,3.894,7847,82656,1,0.004,0,1.159526,-2.186621,170.375
317.819,3.599160,-2.480862,0.006525,-126.220,0.8647,15.783,3.155,7847,86400,1,0.000,0,1.159526,-2.186621,170.375
318.234,3.599682,-2.479887,0.006164,-126.334,0.8764,15.612,3.877,7847,86400,1,0.134,0,1.159526,-2.186621,170.375
318.635,3.600727,-2.480860,0.010739,-126.484,0.8787,17.528,4.319,7847,86400,1,0.204,0,1.159526,-2.186621,170.375
319.065,3.601109,-2.481386,0.007652,-126.325,0.8810,16.561,4.199,7847,86400,1,0.038,0,1.159526,-2.186621,170.375
319.467,3.600940,-2.482420,0.007313,-126.346,0.8239,16.724,4.256,7847,86400,1,0.238,0,1.159526,-2.186621,170.375
319.879,3.600892,-2.482314,0.008573,-126.332,0.8798,17.843,4.354,7847,86400,1,0.401,0,1.159526,-2.186621,170.375
320.284,3.601046,-2.480929,0.007556,-126.337,0.8744,16.710,4.118,7847,86304,1,0.257,0,1.159526,-2.186621,170.375
320.693,3.600962,-2.481931,0.009137,-126.379,0.8337,16.920,3.591,7847,86400,1,0.173,0,1.159526,-2.186621,170.375
321.095,3.601542,-2.482567,0.007443,-126.272,0.8808,15.212,2.955,7847,86400,1,0.174,0,1.159526,-2.186621,170.375
321.496,3.601542,-2.482567,0.007443,-126.272,0.8808,13.077,3.069,7847,86400,1,0.575,0,1.159526,-2.186621,170.375
321.898,3.600969,-2.483910,0.007202,-126.308,0.8192,12.706,2.120,7847,86400,1,0.068,0,1.159526,-2.186621,170.375
322.299,3.601840,-2.484753,0.007843,-126.414,0.8508,11.524,2.139,7847,86400,1,0.377,0,1.159526,-2.186621,170.375
322.700,3.603261,-2.484576,0.006921,-126.415,0.8258,11.589,2.366,7847,86400,1,0.088,0,1.159526,-2.186621,170.375
323.111,3.602919,-2.485401,0.007425,-126.353,0.8533,12.130,3.929,7847,86400,1,0.263,0,1.159526,-2.186621,170.375
323.514,3.602038,-2.486279,0.007670,-126.462,0.8778,13.246,4.392,7847,86400,1,0.091,0,1.159526,-2.186621,170.375
323.915,3.602038,-2.486279,0.007670,-126.462,0.8778,14.774,3.998,7847,86400,1,0.492,0,1.159526,-2.186621,170.375
324.329,3.602084,-2.487263,0.008770,-126.325,0.8792,16.275,4.388,7847,86304,1,0.102,0,1.159526,-2.186621,170.375
324.730,3.603556,-2.487526,0.007295,-126.462,0.8315,16.466,4.757,7847,86400,1,0.200,0,1.159526,-2.186621,170.375
325.138,3.603167,-2.485525,0.007111,-126.334,0.8393,16.866,4.520,7847,86400,1,0.131,0,1.159526,-2.186621,170.375
325.581,3.601636,-2.482101,0.006310,-126.316,0.8292,16.764,5.724,7847,86400,1,0.075,0,1.159526,-2.186621,170.375
325.981,3.602205,-2.481538,0.005291,-126.298,0.8691,16.332,5.279,7847,86400,1,0.067,0,1.159526,-2.186621,170.375
326.383,3.602897,-2.482742,0.008732,-126.456,0.8322,15.651,5.843,7847,82560,1,0.062,0,1.159526,-2.186621,170.375
326.798,3.602273,-2.481954,0.007290,-126.408,0.8311,15.214,6.210,7847,86400,1,0.087,0,1.159526,-2.186621,170.375
327.201,3.602425,-2.481811,0.008902,-126.361,0.8386,14.138,5.807,7847,86400,1,0.085,0,1.159526,-2.186621,170.375
327.603,3.602657,-2.481604,0.009997,-126.389,0.8213,14.366,5.824,7847,86400,1,0.151,0,1.159526,-2.186621,170.375
328.004,3.602862,-2.482032,0.011446,-126.318,0.8929,13.622,5.803,7847,86400,1,0.071,0,1.159526,-2.186621,170.375
328.406,3.602827,-2.484543,0.008596,-126.377,0.8273,13.657,5.283,7847,82656,1,0.282,0,1.159526,-2.186621,170.375
328.818,3.602426,-2.485021,0.006205,-126.284,0.8506,14.695,5.063,7847,86400,1,0.216,0,1.159526,-2.186621,170.375
329.256,3.602859,-2.486390,0.006627,-126.425,0.8393,15.396,4.796,7847,86400,1,0.263,0,1.159526,-2.186621,170.375
329.658,3.603674,-2.485619,0.008788,-126.423,0.8533,15.707,3.465,7847,86400,1,0.130,0,1.159526,-2.186621,170.375
330.075,3.602313,-2.485957,0.004224,-126.193,0.8489,15.695,2.941,7847,86400,1,0.250,0,1.159526,-2.186621,170.375
330.476,3.604169,-2.483091,0.008495,-126.311,0.8416,15.747,3.632,7847,86400,1,0.035,0,1.159526,-2.186621,170.375
330.887,3.603656,-2.482299,0.005525,-126.320,0.8210,15.328,3.721,7847,86400,1,0.013,0,1.159526,-2.186621,170.375
331.288,3.603656,-2.482299,0.005525,-126.320,0.8210,15.272,4.459,7847,86304,1,0.414,0,1.159526,-2.186621,170.375
331.689,3.601448,-2.484268,0.009614,-126.260,0.8352,14.234,3.911,7847,86400,1,0.075,0,1.159526,-2.186621,170.375
332.095,3.601558,-2.484943,0.006638,-126.151,0.8623,14.561,4.164,7847,86400,1,0.075,0,1.159526,-2.186621,170.375
332.498,3.601658,-2.484722,0.005668,-126.325,0.8326,15.757,3.679,7847,86400,1,0.081,0,1.159526,-2.186621,170.375
332.902,3.602347,-2.483611,0.006196,-126.204,0.8533,15.233,4.344,7847,86400,1,0.188,0,1.159526,-2.186621,170.375
333.310,3.603397,-2.484448,0.010022,-126.293,0.8644,14.468,4.755,7847,86304,1,0.084,0,1.159526,-2.186621,170.375
333.710,3.603193,-2.487169,0.009356,-126.393,0.8559,15.573,5.283,7847,86400,1,0.175,0,1.159526,-2.186621,170.375
334.114,3.603329,-2.486291,0.007674,-126.440,0.8503,15.201,6.061,7847,86400,1,0.378,0,1.159526,-2.186621,170.375
334.514,3.603050,-2.484511,0.006381,-126.331,0.8326,14.365,4.741,7847,86400,1,0.095,0,1.159526,-2.186621,170.375
334.916,3.602210,-2.483708,0.006923,-126.411,0.8367,14.269,4.464,7847,86400,1,0.012,0,1.159526,-2.186621,170.375
335.316,3.604140,-2.484520,0.010307,-126.436,0.8549,14.567,4.214,7847,86304,1,0.097,0,1.159526,-2.186621,170.375
335.730,3.605428,-2.481985,0.007510,-126.399,0.8721,13.129,4.253,7847,86400,1,0.113,0,1.159526,-2.186621,170.375
336.135,3.605580,-2.482388,0.006556,-126.380,0.8382,13.134,4.752,7847,86400,1,0.119,0,1.159526,-2.186621,170.375
336.544,3.605373,-2.483281,0.006970,-126.360,0.8549,13.201,4.525,7847,86400,1,0.315,0,1.159526,-2.186621,170.375
336.964,3.602871,-2.484334,0.007784,-126.383,0.8442,12.529,4.692,7847,86400,1,0.033,0,1.159526,-2.186621,170.375
337.365,3.602491,-2.482801,0.009410,-126.270,0.8858,13.623,4.693,7847,82656,1,0.043,0,1.159526,-2.186621,170.375
337.766,3.603743,-2.482214,0.009276,-126.395,0.8453,14.186,5.289,7847,86400,1,0.048,0,1.159526,-2.186621,170.375
338.169,3.603430,-2.481091,0.004747,-126.305,0.8284,15.548,5.274,7847,86400,1,0.044,0,1.159526,-2.186621,170.375
338.571,3.602488,-2.479510,0.010757,-126.339,0.8652,17.259,5.213,7847,86400,1,0.037,0,1.159526,-2.186621,170.375
338.974,3.602076,-2.479415,0.006885,-126.210,0.8826,17.352,4.402,7847,86400,1,0.039,0,1.159526,-2.186621,170.375
339.375,3.601551,-2.482466,0.009514,-126.525,0.8260,17.501,5.559,7847,82560,1,0.138,0,1.159526,-2.186621,170.375
339.778,3.603415,-2.482106,0.006061,-126.369,0.8477,17.875,4.898,7847,86400,1,0.052,0,1.159526,-2.186621,170.375
340.192,3.603002,-2.481713,0.007496,-126.344,0.8515,17.133,5.703,7847,86400,1,0.080,0,1.159526,-2.186621,170.375
340.604,3.603415,-2.481275,0.004561,-126.401,0.8322,16.821,5.865,7847,86400,1,0.387,0,1.159526,-2.186621,170.375
341.055,3.603659,-2.482044,0.007696,-126.361,0.8597,15.206,5.037,7847,86400,1,0.336,0,1.159526,-2.186621,170.375
341.458,3.603612,-2.483314,0.009199,-126.407,0.8378,14.672,4.957,7847,82656,1,0.134,0,1.159526,-2.186621,170.375
341.865,3.603612,-2.483314,0.009199,-126.407,0.8378,15.034,4.965,7847,86400,1,0.542,0,1.159526,-2.186621,170.375
342.270,3.604905,-2.481545,0.010767,-126.355,0.8451,16.054,4.222,7847,86304,1,0.244,0,1.159526,-2.186621,170.375
342.677,3.604242,-2.481049,0.005817,-126.286,0.8157,16.555,3.681,7847,86400,1,0.057,0,1.159526,-2.186621,170.375
343.104,3.604701,-2.482353,0.008019,-126.382,0.8705,17.685,4.068,7847,86400,1,0.252,0,1.159526,-2.186621,170.375
343.511,3.604834,-2.482348,0.005875,-126.350,0.8360,16.742,3.542,7847,86400,1,0.175,0,1.159526,-2.186621,170.375
343.914,3.604405,-2.482768,0.009247,-126.399,0.8444,16.248,3.768,7847,86400,1,0.397,0,1.159526,-2.186621,170.375
344.317,3.603943,-2.482192,0.005125,-126.226,0.8581,16.229,3.711,7847,86304,1,0.111,0,1.159526,-2.186621,170.375
344.734,3.605532,-2.482877,0.008714,-126.413,0.8295,16.039,4.052,7847,86400,1,0.402,0,1.159526,-2.186621,170.375
345.141,3.604940,-2.484091,0.007738,-126.451,0.8322,15.340,4.360,7847,86400,1,0.199,0,1.159526,-2.186621,170.375
345.557,3.605097,-2.482503,0.006253,-126.333,0.8655,15.212,4.507,7847,86400,1,0.308,0,1.159526,-2.186621,170.375
345.964,3.605551,-2.482148,0.008062,-126.445,0.8248,14.692,3.707,7847,86400,1,0.235,0,1.159526,-2.186621,170.375
346.365,3.605441,-2.481456,0.011722,-126.404,0.8518,13.577,3.976,7847,82656,1,0.046,0,1.159526,-2.186621,170.375
346.770,3.604649,-2.483408,0.011423,-126.463,0.8497,14.206,3.801,7847,86400,1,0.119,0,1.159526,-2.186621,170.375
347.179,3.604052,-2.484222,0.007880,-126.373,0.8517,14.754,3.438,7847,86400,1,0.185,0,1.159526,-2.186621,170.375
347.582,3.604869,-2.484490,0.009218,-126.417,0.8643,14.560,3.890,7847,86400,1,0.054,0,1.159526,-2.186621,170.375
347.996,3.605211,-2.485120,0.006478,-126.425,0.8423,15.451,4.404,7847,86400,1,0.376,0,1.159526,-2.186621,170.375
348.430,3.605715,-2.484321,0.004994,-126.378,0.8330,15.211,2.953,7847,82656,1,0.086,0,1.159526,-2.186621,170.375
348.839,3.605980,-2.485838,0.008163,-126.468,0.8523,15.704,3.308,7847,86400,1,0.031,0,1.159526,-2.186621,170.375
349.283,3.606358,-2.485555,0.008610,-126.416,0.8593,13.796,3.525,7847,86400,1,0.052,0,1.159526,-2.186621,170.375
349.683,3.606169,-2.486049,0.007398,-126.466,0.8578,13.776,5.150,7847,86400,1,0.174,0,1.159526,-2.186621,170.375
350.098,3.606522,-2.486009,0.009122,-126.440,0.8498,13.651,5.089,7847,86400,1,0.378,0,1.159526,-2.186621,170.375
350.534,3.605548,-2.484371,0.007054,-126.246,0.8682,14.650,5.297,7847,86400,1,0.114,0,1.159526,-2.186621,170.375
350.946,3.605857,-2.483048,0.010225,-126.374,0.8349,14.835,4.385,7847,86400,1,0.020,0,1.159526,-2.186621,170.375
351.362,3.605145,-2.482229,0.006155,-126.343,0.8397,16.216,4.184,7847,86304,1,0.022,0,1.159526,-2.186621,170.375
351.765,3.605145,-2.482229,0.006155,-126.343,0.8397,16.382,4.059,7847,86400,1,0.425,0,1.159526,-2.186621,170.375
352.172,3.605772,-2.482334,0.016832,-126.539,0.8568,16.045,2.873,7847,86400,1,0.209,0,1.159526,-2.186621,170.375
352.601,3.605747,-2.482651,0.008960,-126.466,0.8352,16.027,2.674,7847,86400,1,0.179,0,1.159526,-2.186621,170.375
353.006,3.605546,-2.481929,0.009380,-126.403,0.8725,15.698,2.178,7847,86400,1,0.288,0,1.159526,-2.186621,170.375
353.445,3.606901,-2.483745,0.009305,-126.490,0.8423,16.312,3.964,7847,82656,1,0.221,0,1.159526,-2.186621,170.375
353.847,3.606640,-2.484653,0.007764,-126.357,0.8442,15.866,3.630,7847,86400,1,0.231,0,1.159526,-2.186621,170.375
354.282,3.606640,-2.484653,0.007764,-126.357,0.8442,14.719,4.190,7847,86304,1,0.666,0,1.159526,-2.186621,170.375
354.703,3.606230,-2.482367,0.006908,-126.336,0.8558,13.437,2.666,7847,86400,1,0.110,0,1.159526,-2.186621,170.375
355.104,3.605007,-2.483753,0.009922,-126.306,0.8655,14.166,2.590,7847,86400,1,0.065,0,1.159526,-2.186621,170.375
355.517,3.604452,-2.482411,0.014760,-126.407,0.8597,13.088,2.677,7847,86400,1,0.034,0,1.159526,-2.186621,170.375
355.934,3.605328,-2.483341,0.006835,-126.390,0.8453,13.208,5.359,7847,86400,1,0.034,0,1.159526,-2.186621,170.375
356.335,3.605633,-2.481225,0.008001,-126.226,0.8717,13.682,5.517,7847,86304,1,0.110,0,1.159526,-2.186621,170.375
356.758,3.606998,-2.482717,0.009264,-126.516,0.8405,15.946,4.888,7847,86400,1,0.147,0,1.159526,-2.186621,170.375
357.165,3.606038,-2.482657,0.007013,-126.313,0.8367,16.115,5.502,7847,86400,1,0.014,0,1.159526,-2.186621,170.375
357.568,3.605681,-2.481374,0.010728,-126.319,0.8575,16.547,5.843,7847,86400,1,0.027,0,1.159526,-2.186621,170.375
357.969,3.605621,-2.481737,0.007057,-126.342,0.8265,17.050,4.974,7847,86400,1,0.138,0,1.159526,-2.186621,170.375
358.381,3.604250,-2.482856,0.009001,-126.352,0.8504,17.883,5.227,7847,82656,1,0.048,0,1.159526,-2.186621,170.375
358.796,3.602612,-2.482344,0.008874,-126.217,0.8772,16.614,5.467,7847,86400,1,0.158,0,1.159526,-2.186621,170.375
359.207,3.602771,-2.482466,0.006623,-126.349,0.8295,15.839,5.064,7847,86400,1,0.305,0,1.159526,-2.186621,170.375
359.614,3.605240,-2.482236,0.013374,-126.413,0.8664,15.764,5.036,7847,86400,1,0.195,0,1.159526,-2.186621,170.375
360.015,3.604782,-2.482845,0.006618,-126.396,0.8463,15.133,5.025,7847,86400,1,0.201,0,1.159526,-2.186621,170.375
360.416,3.606255,-2.483187,0.009431,-126.374,0.8571,14.156,4.585,7847,82656,1,0.148,0,1.159526,-2.186621,170.375
360.816,3.605635,-2.481902,0.009568,-126.213,0.8955,14.202,4.282,7847,86400,1,0.046,0,1.159526,-2.186621,170.375
361.236,3.604927,-2.481599,0.008882,-126.303,0.8292,14.571,4.537,7847,86400,1,0.000,0,1.159526,-2.186621,170.375
361.659,3.604051,-2.480608,0.011043,-126.314,0.8614,14.081,4.420,7847,86400,1,0.261,0,1.159526,-2.186621,170.375
362.073,3.604938,-2.479451,0.012814,-126.402,0.8333,13.552,4.058,7847,86400,1,0.226,0,1.159526,-2.186621,170.375
362.476,3.604406,-2.477420,0.009235,-126.223,0.8884,13.612,3.082,7847,82656,1,0.032,0,1.159526,-2.186621,170.375
362.877,3.604406,-2.477420,0.009235,-126.223,0.8884,12.613,3.051,7847,86400,1,0.433,0,1.159526,-2.186621,170.375
363.278,3.603513,-2.478877,0.006911,-126.321,0.8243,12.018,1.752,7847,86304,1,0.168,0,1.159526,-2.186621,170.375
363.682,3.603340,-2.481880,0.008211,-126.495,0.8520,13.591,2.401,7847,86400,1,0.170,0,1.159526,-2.186621,170.375
364.095,3.601795,-2.483794,0.008756,-126.248,0.8730,13.169,3.608,7847,86400,1,0.265,0,1.159526,-2.186621,170.375
364.498,3.600679,-2.483438,0.007500,-126.317,0.8750,15.258,4.531,7847,86400,1,0.063,0,1.159526,-2.186621,170.375
364.901,3.601419,-2.483667,0.008541,-126.380,0.8219,15.164,4.942,7847,86400,1,0.374,0,1.159526,-2.186621,170.375
365.309,3.602220,-2.482092,0.006863,-126.362,0.8176,14.390,4.199,7847,86304,1,0.085,0,1.159526,-2.186621,170.375
365.724,3.601017,-2.480702,0.008180,-126.269,0.8698,13.333,4.033,7847,86400,1,0.000,0,1.159526,-2.186621,170.375
366.127,3.602234,-2.481961,0.007557,-126.321,0.8671,14.103,4.746,7847,86400,1,0.000,0,1.159526,-2.186621,170.375
366.534,3.602380,-2.482837,0.008402,-126.353,0.8481,14.206,5.208,7847,86400,1,0.203,0,1.159526,-2.186621,170.375
366.937,3.602213,-2.483014,0.006992,-126.171,0.8629,14.499,5.325,7847,86400,1,0.071,0,1.159526,-2.186621,170.375
367.337,3.602213,-2.483014,0.006992,-126.171,0.8629,15.337,6.132,7847,86304,1,0.472,0,1.159526,-2.186621,170.375
367.738,3.602484,-2.484647,0.009265,-126.395,0.8753,14.857,4.583,7847,86400,1,0.108,0,1.159526,-2.186621,170.375
368.157,3.603073,-2.484935,0.009971,-126.431,0.8917,14.698,4.435,7847,86400,1,0.247,0,1.159526,-2.186621,170.375
368.581,3.604485,-2.483588,0.007148,-126.410,0.8326,13.143,4.024,7847,86400,1,0.230,0,1.159526,-2.186621,170.375
368.982,3.604506,-2.484012,0.007058,-126.399,0.8277,14.185,3.715,7847,86400,1,0.276,0,1.159526,-2.186621,170.375
369.383,3.604235,-2.482852,0.010741,-126.261,0.8989,14.817,3.340,7847,82560,1,0.257,0,1.159526,-2.186621,170.375
369.830,3.604428,-2.483466,0.005673,-126.304,0.8733,15.160,2.669,7847,86400,1,0.421,0,1.159526,-2.186621,170.375
370.231,3.604982,-2.482028,0.008132,-126.267,0.8239,15.158,2.660,7847,86400,1,0.000,0,1.159526,-2.186621,170.375
370.635,3.604385,-2.482102,0.008940,-126.256,0.8761,15.281,3.867,7847,86400,1,0.118,0,1.159526,-2.186621,170.375
371.036,3.604790,-2.483710,0.009199,-126.540,0.8345,15.247,4.252,7847,86400,1,0.263,0,1.159526,-2.186621,170.375
371.452,3.605459,-2.482792,0.005452,-126.339,0.8318,15.242,5.767,7847,82656,1,0.136,0,1.159526,-2.186621,170.375
371.854,3.605459,-2.482792,0.005452,-126.339,0.8318,17.234,5.767,7847,86400,1,0.537,0,1.159526,-2.186621,170.375
372.254,3.604580,-2.483598,0.007955,-126.352,0.8588,17.321,3.156,7847,86400,1,0.027,0,1.159526,-2.186621,170.375
372.673,3.604534,-2.481786,0.008850,-126.345,0.8368,17.012,3.035,7847,86400,1,0.253,0,1.159526,-2.186621,170.375
373.076,3.604437,-2.482788,0.008198,-126.360,0.8623,16.089,3.729,7847,86400,1,0.151,0,1.159526,-2.186621,170.375
373.478,3.605613,-2.483343,0.011288,-126.393,0.8756,16.194,5.869,7847,86400,1,0.059,0,1.159526,-2.186621,170.375
373.897,3.606306,-2.483461,0.005401,-126.431,0.8345,16.290,6.221,7847,86400,1,0.384,0,1.159526,-2.186621,170.375
374.314,3.605613,-2.483750,0.007569,-126.293,0.8603,14.197,5.034,7847,86304,1,0.399,0,1.159526,-2.186621,170.375
374.741,3.605979,-2.483937,0.009327,-126.466,0.8456,15.045,3.517,7847,86400,1,0.211,0,1.159526,-2.186621,170.375
375.156,3.604914,-2.484155,0.006645,-126.309,0.8510,15.145,2.657,7847,86400,1,0.030,0,1.159526,-2.186621,170.375
375.560,3.603959,-2.483749,0.006258,-126.319,0.8274,15.221,3.136,7847,86400,1,0.050,0,1.159526,-2.186621,170.375
375.961,3.603959,-2.483749,0.006258,-126.319,0.8274,14.692,4.085,7847,86400,1,0.451,0,1.159526,-2.186621,170.375
376.372,3.603231,-2.484319,0.006721,-126.314,0.8622,15.211,2.781,7847,82656,1,0.044,0,1.159526,-2.186621,170.375
376.773,3.602903,-2.483821,0.008697,-126.215,0.8792,15.904,4.410,7847,86400,1,0.060,0,1.159526,-2.186621,170.375
377.179,3.602903,-2.483821,0.008697,-126.215,0.8792,15.695,4.279,7847,86400,1,0.466,0,1.159526,-2.186621,170.375
377.600,3.602367,-2.482753,0.005691,-126.260,0.8504,16.403,5.032,7847,86400,1,0.079,0,1.159526,-2.186621,170.375
378.013,3.601531,-2.482207,0.007262,-126.350,0.8184,16.479,5.135,7847,86400,1,0.127,0,1.159526,-2.186621,170.375
378.428,3.603096,-2.482374,0.009831,-126.476,0.8311,15.809,5.168,7847,82560,1,0.249,0,1.159526,-2.186621,170.375
378.836,3.600997,-2.481288,0.005462,-126.279,0.8394,16.343,6.140,7847,86400,1,0.310,0,1.159526,-2.186621,170.375
379.261,3.603279,-2.479763,0.008032,-126.379,0.8497,14.354,5.763,7847,86400,1,0.102,0,1.159526,-2.186621,170.375
379.662,3.603330,-2.480319,0.008731,-126.318,0.8416,13.317,5.733,7847,86304,1,0.206,0,1.159526,-2.186621,170.375
380.065,3.603216,-2.479444,0.008447,-126.301,0.8633,11.991,5.474,7847,86400,1,0.312,0,1.159526,-2.186621,170.375
380.475,3.603661,-2.480070,0.005786,-126.345,0.8367,11.491,4.435,7847,86400,1,0.370,0,1.159526,-2.186621,170.375
380.880,3.603661,-2.480070,0.005786,-126.345,0.8367,17.290,5.140,7847,86400,1,0.775,0,1.159526,-2.186621,170.375
381.295,3.607451,-2.480236,0.009082,-126.487,0.8467,16.105,3.009,7847,86304,1,0.312,0,1.159526,-2.186621,170.375
381.709,3.606900,-2.480920,0.007435,-126.440,0.8844,14.453,2.398,7847,82656,1,0.287,0,1.159526,-2.186621,170.375
382.116,3.605512,-2.484283,0.007501,-126.414,0.8404,13.337,4.565,7847,86400,1,0.099,0,1.159526,-2.186621,170.375
382.516,3.605934,-2.482537,0.006484,-126.290,0.8568,16.213,5.299,7847,86400,1,0.085,0,1.159526,-2.186621,170.375
382.916,3.605703,-2.482430,0.005845,-126.388,0.8516,11.744,4.984,7847,86400,1,0.189,0,1.159526,-2.186621,170.375
383.323,3.604684,-2.481973,0.006363,-126.390,0.8456,10.050,5.544,7847,86400,1,0.097,0,1.159526,-2.186621,170.375
383.754,3.603097,-2.484713,0.008599,-126.378,0.8307,15.376,6.336,7847,86400,1,0.212,0,1.159526,-2.186621,170.375
384.161,3.604082,-2.484203,0.009771,-126.429,0.8793,17.548,5.486,7847,86400,1,0.380,0,1.159526,-2.186621,170.375
384.588,3.604082,-2.484203,0.009771,-126.429,0.8793,12.002,5.690,7847,86400,1,0.807,0,1.159526,-2.186621,170.375
385.000,3.605073,-2.484002,0.008024,-126.438,0.8122,11.225,2.614,7847,86400,1,0.080,0,1.159526,-2.186621,170.375
385.401,3.604926,-2.483272,0.009839,-126.390,0.8700,16.246,2.765,7847,86304,1,0.051,0,1.159526,-2.186621,170.375
385.803,3.605062,-2.485179,0.010772,-126.529,0.8864,10.744,6.784,7847,86400,1,0.147,0,1.159526,-2.186621,170.375
386.203,3.605167,-2.485612,0.008188,-126.409,0.8299,20.261,5.443,7847,86400,1,0.182,0,1.159526,-2.186621,170.375
